train_id,train_name,source,destination,distance_km,station_count,station_codes
19955,PINAKINI EXP,KOVH,TOU,770.0,14,"KOVH,KVLS,MGV,SYM,MRK,SIE,GLP,DCU,GJJ,KOU,NDKD,VPL,TPW,TOU"
28317,TUNGABHADRA EXP,PDGL,BSPL,480.0,8,"PDGL,KJJ,VGT,KEF,PSA,TNR,TGU,BSPL"
14065,NARAYANADRI EXP,PDGL,TDD,562.0,12,"PDGL,NRT,TOU,VLV,YLK,TSR,PUA,DIG,RU,VLD,NDPU,TDD"
25224,CIRCAR EXPRESS,AKVD,PDU,870.0,13,"AKVD,THY,ASP,DMT,SAB,STVA,TKU,GWM,KJJ,KMQA,PUN,TCNR,PDU"
18727,PRASHANTI EXP,ULM,ODUR,477.0,10,"ULM,RLO,HCM,UKD,HVM,BKPT,TKPY,VJA,ANB,ODUR"
29054,KRISHNA EXPRESS,TNKU,AKAH,780.0,11,"TNKU,BVM,KUMU,MPL,KLKA,PGU,RAM,RMV,KEF,BVO,AKAH"
15553,GNT NS EXP,MIPM,SYM,626.0,14,"MIPM,CPL,TIU,NYP,KOU,CKV,BVRM,PUMU,NLS,TNRU,DVD,CU,RPCA,SYM"
15988,PRASHANTI EXP,GVL,GPY,581.0,10,"GVL,NCE,PSPY,PGRL,NS,YPD,NOSM,SVF,VJA,GPY"
26811,AMARAVATI EXP,BTVA,PRDT,907.0,17,"BTVA,RLO,ATP,AKAT,SCM,KNRT,PDL,BMH,NLPD,NG,GVMH,PUMU,DKSA,DVD,RPL,KLKA,PRDT"
15390,CHARMINAR EXP,MAG,GPY,905.0,16,"MAG,CCT,KJJ,NUJ,NLPD,PGRL,ANV,ATP,VRVL,PGDI,MOO,PPM,NDKD,PAP,VKZ,GPY"
24507,TIRUMALA EXP,BZA,PTT,767.0,15,"BZA,SF,KCI,VPU,RPL,KRY,BVO,RDG,BVRT,NLS,MBL,KPL,TMC,PYA,PTT"
29012,SEVEN HILLS EXP,POA,PKD,649.0,13,"POA,HAQ,TPW,BMD,CEL,NLA,CCI,VGH,VND,KPLH,KVR,ANB,PKD"
21679,CIRCAR EXPRESS,CGI,NML,938.0,16,"CGI,GJJ,PYX,BZA,HAQ,PGU,SF,TNRU,GVL,UNDI,CIV,MOO,PKD,NRE,VND,NML"
18638,BNC - HTE WE,BNC,HTE,1884.0,27,"BNC,KJM,JTJ,KPD,CTO,PAK,TPTY,RU,GDR,NLR,BZA,RJY,SLO,VSKP,VZM,VBL,PVP,RGDA,MNGD,KSNG,TIG,BLGR,BRGA,SBP,JSG,ROU,HTE"
13870,PINAKINI EXP,SKM,TIM,967.0,17,"SKM,SVF,KVLS,TDK,MUK,KUK,PDT,NYP,KTV,AKU,GPU,RML,GJJ,PUDI,GTL,KRAP,TIM"
26940,AMARAVATI EXP,GID,SVPM,634.0,11,"GID,NDM,GNT,SIE,TU,LIN,BPY,BVO,TLU,KDUH,SVPM"
25701,INTERCITY EXP,KLU,BNL,357.0,8,"KLU,VMU,KGL,ODUR,PLU,TEK,CLPE,BNL"
13530,VANDE BHARAT,CU,AKAH,902.0,17,"CU,GLP,SGDM,BTTR,DEL,MGPR,KNRT,BVM,PMD,VLD,KNLP,COA,KGL,HUP,DNV,MKR,AKAH"
20241,NARAYANADRI EXP,BUM,IPM,314.0,7,"BUM,PYA,KI,MAG,PCU,BVO,IPM"
24253,PRASHANTI EXP,VMD,ANE,414.0,10,"VMD,GNT,DNV,DKD,TOU,GUK,HVM,PLVA,KLDI,ANE"
23313,SIMHADRI EXP,VLE,MGB,553.0,10,"VLE,CJM,TKBN,MCVM,MBD,KNRT,ANB,MLK,DWP,MGB"
20366,PRASHANTI EXP,MVW,JAQ,614.0,12,"MVW,POA,GPDE,KLDI,ARKV,NMLU,NYP,TKBN,MCU,MTM,VRN,JAQ"
18680,VANDE BHARAT,KUK,BVM,371.0,9,"KUK,TDK,GJJ,CMDP,POO,DKD,DKSA,GLP,BVM"
27398,GODAVARI EXPRES,SALR,TCNR,448.0,7,"SALR,VVM,BBPM,PDL,GDE,BLL,TCNR"
25908,GNT NS EXP,NLPD,BMH,650.0,11,"NLPD,KMQA,RPCA,CHE,TPTY,NRE,KMX,ARK,MMS,VRN,BMH"
27288,PRASHANTI EXP,RBCS,JKO,400.0,8,"RBCS,GPJ,KKLR,BGHU,PUT,AD,KOLA,JKO"
20324,CIRCAR EXPRESS,NCU,TIU,882.0,15,"NCU,BNL,MGPR,OGL,MVA,RPRL,CVV,STVA,OTR,PCU,HCM,BUM,DVD,YGD,TIU"
29429,VANDE BHARAT,NDD,VGT,766.0,14,"NDD,GPU,KNLP,KOU,VML,MCLA,PMD,PVP,NRR,RLG,SRPM,SUP,NML,VGT"
24040,FALAKNUMA EXP,KBM,BMKD,418.0,8,"KBM,HCM,KPN,PYX,KVDU,POA,VPL,BMKD"
12039,KGM-NDLS SHA,KGM,NDLS,283.0,8,"KGM,HDW,LKU,RUPC,RMU,MB,GZB,NDLS"
16192,SEVEN HILLS EXP,MMPL,CJM,484.0,9,"MMPL,MUM,VKT,NCU,GZA,DVR,AKAT,CEL,CJM"
22974,PURI GIMB EX,PURI,GIMB,2443.0,38,"PURI,SIL,KUR,BALU,CAP,BAM,SPT,PSA,CHE,VZM,PVP,RGDA,MNGD,KSNG,TIG,KBJ,MSMD,R,DURG,G,NGP,WR,BD,AK,MKU,BSL,JL,AN,NDB,ST,BRC,ANND,ND,ADI,VG,SIOB,BCOB,GIMB"
27436,JANMABHOOMI EXP,VKZ,BVM,330.0,9,"VKZ,CPL,KCI,TUNI,SUP,MPU,UNDI,MCLE,BVM"
14930,TIRUMALA EXP,BMGM,CTO,740.0,13,"BMGM,UPL,VLV,TKBN,ANE,BLL,AKAT,KRNT,PSDA,BVO,HUP,CEL,CTO"
19118,SIMHADRI EXP,LMD,SSPN,822.0,14,"LMD,PUDI,NLS,EDD,PAV,PGDI,VZM,YA,PRH,VGT,TNKU,BLL,NCE,SSPN"
20768,TIRUMALA EXP,JBK,GPU,869.0,16,"JBK,NLA,PNM,GDV,CPL,SNM,ANB,OBM,BVRM,SKM,BTVA,YPD,CLU,HVM,PSLP,GPU"
26585,PINAKINI EXP,KVR,GVI,514.0,9,"KVR,GNT,ARK,YLM,ANV,MGB,ESV,MRM,GVI"
17428,GODAVARI EXPRES,BVRT,GWM,651.0,12,"BVRT,MNPT,DIG,BMD,VMU,YGD,KVZ,ULM,ANB,ODUR,DHNE,GWM"
18011,FALAKNUMA EXP,BSPL,SUPP,760.0,15,"BSPL,BVO,KOVH,DVD,KCC,GPY,KO,PMD,NGNT,KVM,CCI,MVW,TNR,BMH,SUPP"
27093,JANMABHOOMI EXP,BGNP,MPT,556.0,12,"BGNP,PIL,PEL,SPE,BPP,ANV,TGL,KBA,CLVR,NUJ,TKPY,MPT"
15983,MEMU SPECIAL,OBM,KLDI,403.0,8,"OBM,KPL,PEL,PSLP,NLR,VML,ANV,KLDI"
27034,GNT NS EXP,TAT,EE,239.0,7,"TAT,KSK,MBL,VH,PUDI,NRE,EE"
26459,INTERCITY EXP,ANB,DHNE,245.0,8,"ANB,MAR,KLX,KKM,TMPM,AVLI,ODUR,DHNE"
17362,PINAKINI EXP,BNL,KSTE,907.0,16,"BNL,TOU,NLPD,CEL,BVRT,NML,KHT,SLO,EKM,RU,KCM,OBM,DGB,KI,ARKV,KSTE"
25842,PINAKINI EXP,NBM,CCT,747.0,14,"NBM,PDL,MRK,VTM,NRYP,KCC,PAV,UPL,BPP,YADA,CU,RAL,KVLS,CCT"
23848,PRASHANTI EXP,GALA,MOO,677.0,14,"GALA,TPTY,ANE,AKU,KGL,NML,CVV,MALM,OGL,DPD,PIL,NDPU,RJY,MOO"
18730,TIRUMALA EXP,KMH,AKP,677.0,11,"KMH,BDPL,MDUN,NGM,PSDA,DMT,TKU,MCU,SGKM,GLP,AKP"
12212,ANVT-MFP GAR,ANVT,MFP,1059.0,14,"ANVT,MB,BE,SPN,LKO,GD,BST,GKP,BUG,NKE,BTH,SGL,BMKI,MFP"
15254,SESHADRI EXP,IDP,KYND,966.0,16,"IDP,VNM,KVDU,PDSN,MVP,VMD,TAC,KTV,YPD,NDPU,KUK,MIPM,TSR,PSPY,PTT,KYND"
19405,VIKRAMASIMHAPURI,MCU,GNT,670.0,12,"MCU,PSA,NRE,GVMH,IPPM,KUMU,DCU,PUN,SVPM,PRDT,VRN,GNT"
25792,TUNGABHADRA EXP,KLU,UPL,930.0,17,"KLU,BTTR,MALM,SRPM,TDD,BLL,LKDU,VKN,TCNR,MYL,SYM,TIU,CEM,KPU,VGT,GWM,UPL"
28203,VISAKHA EXPRESS,KOU,KRY,853.0,17,"KOU,KI,KBM,GWM,SGKM,RDG,HNMN,VKI,KRNT,KHT,ASP,MCVM,GRBL,KDT,RPRL,TIM,KRY"
24353,GNT NS EXP,ATP,GPU,1033.0,17,"ATP,POA,MDVL,CTPR,RPRL,KCD,AKP,SJMA,SF,STVA,LVK,SIE,SLM,BVM,VGH,RAL,GPU"
25547,NARAYANADRI EXP,KTCR,LKSH,341.0,9,"KTCR,NSPH,CLX,RAM,DIG,NLA,LIN,NBR,LKSH"
26857,KRISHNA EXPRESS,RLO,NRT,401.0,8,"RLO,JKO,OGL,DNV,DKD,VND,KDT,NRT"
29275,TUNGABHADRA EXP,MGV,YLK,583.0,10,"MGV,BDVR,YGD,NG,KRNT,PSLP,VMU,RCG,BMD,YLK"
13044,RXL HWH EXPR,RXL,HWH,698.0,19,"RXL,GRH,BGU,SMI,JNR,KML,DBG,SPJ,DSS,BJU,KIUL,JAJ,JSME,MDP,ASN,DGR,BWN,BDC,HWH"
16895,TIRUMALA EXP,SJMA,ZPI,685.0,12,"SJMA,KKLR,RCG,KDT,DVD,SUPP,MRK,MUK,GGNP,TADA,SVPM,ZPI"
19857,PINAKINI EXP,CLPE,TAC,701.0,12,"CLPE,KCD,KBM,KUMU,PDU,VND,PUT,KMX,AVLI,MUM,TEK,TAC"
20767,PRASHANTI EXP,RLL,KRV,822.0,14,"RLL,JKO,MDKU,CMZ,VZM,AKU,RAM,DEL,MIPM,NDM,SCM,KNRT,KVZ,KRV"
17647,SIMHADRI EXP,KPL,NCE,464.0,13,"MLGT,SRPM,TIM,SAB,DUSI,MGB,GMDA,SCM,VDE,OTR,NCE,CU,KCI"
19980,TUNGABHADRA EXP,PDKN,MCVM,810.0,17,"PDKN,KAQ,UPL,KOU,KCD,TGL,NDD,YGD,SAP,TPW,KPU,KOVH,TUNI,RRJ,RJY,RBCS,MCVM"
22819,BBS-VSKP SF,BBS,VSKP,442.0,27,"BBS,KUR,NKP,BSDP,KAPG,KUU,GNGD,BALU,CLKA,KIT,RBA,GAM,CAP,BAM,IPM,SPT,MMS,PSA,NWP,KBM,TIU,CHE,PDU,CPP,VZM,SCM,VSKP"
12386,NARAYANADRI EXP,GGNP,ARK,436.0,9,"GGNP,NOSM,MDVL,PMT,SALR,MGB,TKBN,NDD,ARK"
13610,SIMHADRI EXP,SRPM,MNPT,841.0,17,"SRPM,MCU,BTTR,GGNP,SGKM,NSPH,KRV,MCLA,MVP,PUA,CLVR,MDKU,BLPE,GTL,KLDI,SVF,MNPT"
23226,BJU - SHC EX,BJU,SHC,109.0,11,"BJU,BGS,SKJ,KGG,MNE,BHB,DHT,KFA,SBV,SBM,SHC"
19149,SESHADRI EXP,PKO,CTPR,612.0,12,"PKO,KMX,ARK,SPF,PDSN,JPI,BUM,SVPM,NLA,GNN,MGV,CTPR"
16555,RATNACHAL EXP,RPRL,AL,566.0,10,"RPRL,KAQ,RCA,SUPP,HUP,YLK,GPY,REG,CBM,AL"
25372,NARAYANADRI EXP,RPCA,CVV,618.0,10,"RPCA,KLU,PCU,OBM,MVP,ODUR,NASP,GDR,NLR,CVV"
28190,AMARAVATI EXP,KPLH,KPU,406.0,8,"KPLH,REG,TMB,LKSH,EDD,AKAT,EE,KPU"
25185,JANMABHOOMI EXP,BVL,VSKP,457.0,8,"BVL,TAT,PMT,BLPE,KOLA,MRM,RMV,VSKP"
16082,SEVEN HILLS EXP,MDUN,RRJ,787.0,13,"MDUN,PAK,BAV,AD,MALM,STUR,ARK,UPL,GZL,BLPE,TDD,KNLP,RRJ"
26800,INTERCITY EXP,VDD,PVP,663.0,15,"VDD,MCLA,PEL,TAC,SCMN,PSLP,VGT,SAB,KSK,BGHU,BVO,KVM,MRK,GWM,PVP"
21041,SESHADRI EXP,KEN,PKD,900.0,15,"KEN,MCU,CCI,NRT,CGI,CKV,MAG,PNM,RMV,BAV,SVF,TAT,MADU,YPD,PKD"
20126,RATNACHAL EXP,MAR,NS,688.0,15,"MAR,SNM,VGH,PCL,PRH,SVF,SYM,GPI,NRP,KPL,KCC,MDPD,CJM,TNKU,NS"
13766,RAYALASEEMA EXP,BDVR,OBVP,388.0,7,"BDVR,KPLL,VPG,MRM,KLDI,NML,OBVP"
17587,SESHADRI EXP,STUR,CBM,846.0,14,"STUR,PSPY,VMD,JAQ,TPW,RAM,DKD,RBCS,KOU,KPLH,KMQA,KBM,NWP,CBM"
27747,GNT NS EXP,CU,KAQ,847.0,16,"CU,ANB,TU,PGU,DNV,VH,TMC,KPN,TGL,KDUH,VML,GRBL,MBL,PCU,BBPM,KAQ"
21979,FALAKNUMA EXP,CMDP,NGNT,663.0,14,"CMDP,NASP,JAQ,DUU,SPT,TMB,BTTR,UPL,OBM,TIU,KVR,CCT,KDP,NGNT"
24869,MEMU SPECIAL,PNM,ESV,437.0,10,"PNM,MRK,SPT,MVW,GPDE,SUDV,PAV,MUK,SPF,ESV"
25889,PINAKINI EXP,RLL,KHT,784.0,13,"RLL,DGDG,RPCA,PRDT,SJMA,PAK,CCI,VBL,TPW,KSTE,TKU,MRM,KHT"
13471,AMARAVATI EXP,NDKD,SRPM,770.0,14,"NDKD,CLU,TMB,PAGM,SSPN,ESV,VDI,LKDU,SGKM,KPL,PLU,BTTR,KI,SRPM"
22387,BLACKDIMOND,HWH,DHN,269.0,16,"HWH,SHE,BDC,BWN,MNAE,PAN,DGR,OYR,UDL,RNG,ASN,STN,ULT,BRR,KMME,DHN"
16485,GOLCONDA EXP,CLX,KLX,689.0,13,"CLX,NML,REG,VND,UKD,YPD,SPF,KBA,KLU,ANE,KSK,TNR,KLX"
12547,AF-ADI SUPER,AF,ADI,866.0,12,"AF,AH,BTE,JP,AII,BER,MJ,FA,ABR,PNU,MSH,ADI"
14804,ADI BGKT EXP,ADI,BGKT,479.0,17,"ADI,SBI,MSH,UJA,SID,PNU,DISA,BLDI,DQN,RNV,MBNL,MON,JOR,MKSR,SMR,LUNI,BGKT"
22721,CIRCAR EXPRESS,ARKV,GDP,641.0,10,"ARKV,MPT,NDD,KDT,SDM,GDR,KBM,PDMI,TPTY,GDP"
21141,JANMABHOOMI EXP,CCI,DIG,847.0,16,"CCI,HUP,UGD,MCLE,YA,TIU,YPD,KDUH,BPY,HCM,SJMA,PSA,MADU,OTR,CIV,DIG"
12197,BPL-GWL-INTE,BPL,GWL,484.0,11,"BPL,BHS,BAQ,BINA,MNV,ASKN,GUNA,BDWS,KLRS,SVPI,GWL"
14665,RAYALASEEMA EXP,TNRU,NZD,828.0,15,"TNRU,CEL,DMT,DEL,GRBL,VMD,SDV,BMD,DKSA,MVW,TCNR,TDD,KTV,GDE,NZD"
18717,CHARMINAR EXP,AKAT,PDKN,766.0,15,"AKAT,ALM,KKLR,KSK,PSDA,UNDI,VLV,GPDE,TAC,ANB,CLX,MUM,CIV,NLPD,PDKN"
29244,GARIB RATH,MVA,OGL,593.0,9,"MVA,ZPL,MBL,NLR,PVP,LKDU,RMV,REM,OGL"
12619,MATSYAGANDHA,LTT,MAQ,893.0,24,"LTT,TNA,PNVL,MNI,KHED,CHI,RN,KUDL,MAO,CNO,KAWR,ANKL,GOK,KT,HNA,MRDW,BTJL,BYNR,KUDA,BKJ,UD,MULK,SL,MAQ"
18066,SEVEN HILLS EXP,GDP,GDV,716.0,12,"GDP,KLDI,KQA,KTCR,SLM,PSLP,BTVA,IPM,PTT,GVI,MRM,GDV"
13789,INTERCITY EXP,GID,POA,791.0,14,"GID,VRN,NOSM,BVRM,KSTE,PTT,MDKU,SGDM,KVDU,PSLP,GPDE,DIG,SAP,POA"
26909,FALAKNUMA EXP,KRYP,TAT,776.0,15,"KRYP,SCMN,ULM,VLV,NRE,SVPM,MPL,MGV,BLPE,SF,KEN,MCU,TDD,NOSM,TAT"
15868,SEVEN HILLS EXP,TCNR,PAK,497.0,9,"TCNR,VAT,MMPL,AVLI,KRNT,ARK,PDSN,RPRL,PAK"
28699,TUNGABHADRA EXP,MCU,MLK,613.0,11,"MCU,CTO,GKM,BTVA,OBM,MLU,LKDU,PLU,OTR,KCC,MLK"
28936,RATNACHAL EXP,PDKN,DHNE,266.0,7,"PDKN,GDP,UNDI,MKR,VTM,YLM,DHNE"
28771,GOLCONDA EXP,TMLU,HX,778.0,17,"TMLU,VLD,PVP,JUR,MGPR,BGNP,VMD,REG,MCLA,SJL,NGNT,LMD,KOU,NS,DNV,APT,HX"
29848,PINAKINI EXP,MCLA,NDM,730.0,13,"MCLA,PSLP,SMLG,RLO,TSR,NLPD,GDP,RYP,SDV,GKM,VKT,STVA,NDM"
25080,SIMHADRI EXP,PVPT,NDL,647.0,12,"PVPT,CEL,EE,VJA,MNPT,CBM,PCL,MLK,ODUR,KHT,OBM,NDL"
28441,MEMU SPECIAL,GNN,VJA,905.0,17,"GNN,BPY,RJP,GPDE,SNM,PVPT,REG,KMX,YGD,GALA,SDM,PAVP,UKD,DKD,BSPL,AKP,VJA"
12330,SAMPARKRANTI,ANVT,SDAH,1436.0,8,"ANVT,CNB,MGS,DHN,ASN,DGR,BWN,SDAH"
14931,PRASHANTI EXP,JUR,AKAH,730.0,13,"JUR,GVI,DCU,CJM,NDL,MMPL,KUK,PUDI,PCU,MVW,SVPM,MAG,AKAH"
14701,GARIB RATH,ARK,SAP,858.0,15,"ARK,KRY,MMS,JKO,NRP,TADA,TU,SAB,CLU,BLL,DKSA,MDUN,DGDG,VRN,SAP"
14941,CIRCAR EXPRESS,TIM,MIPM,496.0,10,"TIM,PCU,SALR,GUK,NML,PMT,NRR,KEN,VGH,MIPM"
14684,MEMU SPECIAL,DVD,PHM,792.0,11,"DVD,BEY,MLK,PIL,VDE,KSK,PUA,GDE,RVD,VNM,PHM"
16207,AMARAVATI EXP,PDU,VPL,877.0,16,"PDU,MCLE,CTPR,VBL,PUN,PTT,GTLM,VJA,NGJA,DUSI,PDKN,VH,KOLA,MAR,MBL,VPL"
22954,GUJARAT EXPR,ADI,BCT,490.0,27,"ADI,MAN,MHD,ND,KBRV,ANND,BRC,MYG,PLJ,BH,AKV,KSB,KIM,ST,NVS,BIM,BL,UVD,VAPI,BLD,UBR,DRD,BOR,PLG,BVI,DDR,BCT"
22622,CAPE-RMM SUP,CAPE,RMM,398.0,12,"CAPE,NCJ,VLY,NNN,TEN,CVP,VPT,MDU,MNM,PMK,RMD,RMM"
25739,PRASHANTI EXP,KRYP,MOO,499.0,8,"KRYP,DVR,TAC,DGDG,AKAT,TPW,ARKV,MOO"
14832,VIKRAMASIMHAPURI,ASP,PIL,930.0,17,"ASP,MLU,KVM,RVD,OBM,NWP,GNT,KBA,DWP,CCI,BZA,HVM,GDE,PGDI,RYP,KRNT,PIL"
28352,KRISHNA EXPRESS,VH,BDPL,351.0,7,"VH,MGV,BKPT,GVL,KSTE,VKI,BDPL"
16065,SEVEN HILLS EXP,REM,MMS,743.0,14,"REM,NGJA,VDI,GPY,RLO,AKAH,AL,GJJ,KQA,JPI,SUPP,ALAT,PAM,MMS"
29114,SIMHADRI EXP,PDSN,BSPL,334.0,7,"PDSN,ESV,GWM,KLX,KNLP,ODUR,BSPL"
22645,AHILYANAGARI,INDB,TVC,2643.0,52,"INDB,DWX,UJN,SJP,BPL,ET,GDYA,BZU,AMLA,PAR,NGP,SEGM,HGT,CD,BPQ,SKZR,BPA,MCI,RDM,WL,KMT,BZA,TEL,CLX,OGL,NLR,GDR,MAS,KPD,JTJ,SA,ED,TUP,CBE,PGT,OTP,SRR,WKI,TCR,IJK,CKI,AFK,AWY,ERN,ERS,SRTL,ALLP,AMPA,HAD,KYJ,QLN,TVC"
28020,VANDE BHARAT,BGNP,VTM,340.0,7,"BGNP,TSR,VGT,DUU,MUK,AXR,VTM"
13873,TUNGABHADRA EXP,RPCA,SJL,776.0,15,"RPCA,NBM,NLPD,NGNT,CTO,KCD,PCU,NBR,NZD,TAC,REG,TIM,ATP,DWP,SJL"
29038,INTERCITY EXP,MOO,GRBL,916.0,15,"MOO,YGD,SCMN,CLPE,GDR,ASP,VPL,GMDA,CBM,NRT,MPL,ESV,TUNI,VMU,GRBL"
22219,VANDE BHARAT,MPT,ZPL,849.0,16,"MPT,MLK,LKDU,RDG,APL,NDPU,UPD,BVRT,CPP,GDR,TIU,PVPT,NGNT,CBM,AKVD,ZPL"
14818,SESHADRI EXP,KCM,AKU,1078.0,17,"KCM,HAQ,VVM,DIG,NCE,MMPL,BNL,SNM,HUP,BAV,KVDU,APL,MMS,PVPT,MDUN,CPP,AKU"
15228,MUZAFFARPUR-,MFP,YPR,2729.0,35,"MFP,SPJ,BJU,BGS,KGG,NNA,KIR,KDPR,MLDT,PKR,RPH,BHP,HWH,KGP,BLS,BHC,JJKR,CTC,BBS,KUR,BALU,BAM,PSA,CHE,VZM,VSKP,RJY,BZA,MAS,AJJ,KPD,JTJ,BWT,KJM,YPR"
20043,GOLCONDA EXP,SLO,MTM,694.0,13,"SLO,KI,ATP,TNKU,MYL,DHNE,GPY,NMLU,CLX,PCU,TMB,UPD,MTM"
21127,RAYALASEEMA EXP,LKDU,NRE,721.0,13,"LKDU,ZPI,LKSH,NSX,NDKD,VMU,KRNT,BGHU,KSK,TAC,MPL,PPM,NRE"
20543,SESHADRI EXP,TIM,SGDM,636.0,11,"TIM,SLO,MVA,CLPE,SALR,MCLE,OBVP,MKJ,KKLR,TEL,SGDM"
13166,SITAMARI-KOL,SMI,KOAA,618.0,15,"SMI,JNR,KML,DBG,SPJ,DSS,BJU,KIUL,JAJ,JSME,MDP,ASN,DGR,BWN,KOAA"
20642,GOLCONDA EXP,MCU,ALAT,869.0,16,"MCU,OGL,EE,KDP,REG,TNRU,ASP,RYP,KLX,BVRT,BTVA,NCU,YGD,BLPE,GNN,ALAT"
20673,INTERCITY EXP,NGM,SNKG,546.0,11,"NGM,GGNP,KDP,KMX,RCG,BMD,VKT,SNM,VML,BUM,SNKG"
17712,FALAKNUMA EXP,CU,NLS,919.0,16,"CU,DCU,KAQ,GKM,ARKV,TCNR,PYX,KBA,KPL,KVDU,KOU,ASP,RPL,BMKD,TIM,NLS"
21223,SESHADRI EXP,PYX,VBL,696.0,14,"PYX,SIE,SRPM,PSDA,MMPL,MRM,BAV,IPPM,GY,VGT,CBM,SUPP,ARK,VBL"
13036,MEMU SPECIAL,MGPR,MVA,764.0,13,"MGPR,MAR,ARKV,NKDO,KPLL,GRBL,AKP,VDD,GTLM,AXR,PEL,NSX,MVA"
19663,JANMABHOOMI EXP,NOSM,MPL,584.0,12,"NOSM,PLU,ALM,ATP,KLDI,ANE,NDD,CU,MCLE,PVPT,BGHU,MPL"
12420,GOMTI EXPRES,NDLS,LKO,504.0,16,"NDLS,GZB,KRJ,ALJN,HRS,TDL,FZD,SKB,ETW,PHD,JJK,RURA,PNK,CNB,ON,LKO"
29632,KRISHNA EXPRESS,HVM,PYA,408.0,8,"HVM,GNN,DMT,BVM,IPM,NLR,MDUN,PYA"
17437,INTERCITY EXP,GMA,AVLI,655.0,15,"GMA,GRBL,LKSH,KVDU,RBCS,KJJ,RJP,DUU,NLR,PTT,DCU,KKM,NYP,SLM,AVLI"
21646,SIMHADRI EXP,KPN,MCLA,866.0,16,"KPN,VKT,VND,RMV,CLPE,PDT,MDUN,CLX,CGI,KNLP,CCT,KYND,ZPL,KDT,DWP,MCLA"
26180,SESHADRI EXP,MPL,OBVP,581.0,13,"MPL,NMLU,KPLH,BBPM,MMS,PDSN,TUNI,ALAT,KAQ,NYP,ODUR,CTPR,OBVP"
16383,TUNGABHADRA EXP,PRCA,KGL,371.0,8,"PRCA,ALAT,NLS,GPU,AKU,NASP,PLU,KGL"
25425,SESHADRI EXP,VKZ,PGRL,981.0,17,"VKZ,PVD,CEM,PIL,GNT,MLGT,TTU,NRYP,BNL,NML,KCI,PUT,VML,LIN,RBCS,KEF,PGRL"
14538,JANMABHOOMI EXP,BDPL,TDD,291.0,7,"BDPL,KQA,NLR,ODUR,TAC,SALR,TDD"
20311,VANDE BHARAT,PTT,IPM,743.0,14,"PTT,PKPU,PHM,KYND,NCU,MKR,TEK,KMH,YPD,CJM,TU,NGNT,VKT,IPM"
25465,GOLCONDA EXP,PLVA,PDU,742.0,13,"PLVA,KLKA,UPD,KVM,KPLL,MPT,BPP,PKD,BVRT,MLK,SUDV,PSPY,PDU"
17276,GARIB RATH,NASP,CPP,690.0,13,"NASP,MTM,BLL,HNMN,PKPU,AL,PDMI,SF,BGHU,PLVA,SPT,ZPI,CPP"
19325,IND AMRITSAR,INDB,ASR,1323.0,24,"INDB,DWX,MKC,BRRG,RTA,GUNA,SVPI,GWL,AGC,RKM,MTJ,FDB,NZM,GZB,MTC,MOZ,DBD,SRE,UMB,SIR,LDH,JUC,BEAS,ASR"
26758,TIRUMALA EXP,GGNP,ANV,658.0,12,"GGNP,HVM,CEM,TMLU,RDG,APL,BDVR,BAV,KDUH,ANB,OBVP,ANV"
20373,FALAKNUMA EXP,KJJ,IPM,1221.0,17,"KJJ,GVMH,JUR,BPY,RBCS,KSTE,NCU,PDKN,MDKU,BEY,RPL,GY,SYM,CJM,SRPM,KRAP,IPM"
17659,TIRUMALA EXP,GDP,BVO,407.0,9,"GDP,RGM,GDR,PAK,VJA,VVM,PMT,MGV,BVO"
24740,GODAVARI EXPRES,ANB,EKM,642.0,12,"ANB,VMU,REG,YGD,SJL,RCG,MDPD,AKAH,SUPP,KPLL,CMZ,EKM"
25089,FALAKNUMA EXP,NYP,TSR,500.0,9,"NYP,TMB,CMZ,YA,TDK,NCE,RLL,PAVP,TSR"
26823,TIRUMALA EXP,PEL,MBL,679.0,12,"PEL,KVR,RLG,UKD,MCLA,NRYP,AKVD,KYND,VLV,RJP,DIG,MBL"
12093,GOLCONDA EXP,NDD,MAG,877.0,16,"NDD,YGD,PDKN,KCC,BVL,MIPM,BDPL,MAR,GVA,SYM,NRR,MUK,RYP,PAVP,CEL,MAG"
29104,PINAKINI EXP,KRNT,APT,290.0,7,"KRNT,ANE,THY,TIU,GDE,KUK,APT"
28863,JANMABHOOMI EXP,GY,HUP,339.0,8,"GY,PEL,JBK,RBCS,CGI,TGU,NYP,HUP"
28041,GNT NS EXP,CLPE,VLD,585.0,13,"CLPE,REG,KEF,POA,SLO,RMZ,TPTY,KAQ,SNM,RCG,KI,VNM,VLD"
18327,VISAKHA EXPRESS,GMDA,SIE,345.0,10,"GMDA,OGL,KDT,HAQ,DEL,TOU,GRBL,KEN,SJL,SIE"
15752,KRISHNA EXPRESS,KCI,NDKD,830.0,14,"KCI,PKD,BGNP,MVP,GZL,CHE,PGDI,CLVR,RAM,SLM,MLU,KVLS,MMS,NDKD"
22397,AMARAVATI EXP,RBCS,KVZ,848.0,17,"RBCS,CTO,MCLE,SIE,NYP,TKPY,VPG,ALAT,PKPU,LMD,DKSA,AKU,VKT,DWP,BKPT,OBM,KVZ"
24218,GARIB RATH,ARK,MOO,950.0,17,"ARK,NML,PYX,PDMI,TSR,DIG,AL,AXR,PAVP,TNRU,BVO,MPU,YGD,BDVR,BTTR,VDI,MOO"
12862,KZJ-VSKP LIN,KZJ,VSKP,576.0,19,"KZJ,WL,NKD,KDM,MABD,DKJ,KMT,MDR,BZA,EE,TDD,NDD,RJY,SLO,ANV,TUNI,AKP,DVD,VSKP"
12543,GNT NS EXP,CCI,RCG,563.0,9,"CCI,GDE,BPY,SGKM,VNM,PUA,JKO,PVD,RCG"
27462,RAYALASEEMA EXP,RCA,PUA,440.0,11,"RCA,NDD,PCL,PUDI,PHM,NBM,SPE,BVRM,SGDM,CPP,PUA"
13391,GNT NS EXP,GGNP,VLD,546.0,10,"GGNP,CHE,KUK,BLPE,NLR,SGKM,GVI,KOVH,KYND,VLD"
12475,HAPA JAT EXP,HAPA,SVDK,2055.0,31,"HAPA,RJT,WKR,SUNR,VG,ADI,ND,ANND,BRC,GDA,DHD,MGN,RTM,NAD,SGZ,RMA,KOTA,SWM,BTE,MTJ,NZM,NDLS,PNP,UMB,LDH,JRC,PTKC,KTHU,JAT,UHP,SVDK"
16641,PRASHANTI EXP,ANV,JPI,617.0,13,"ANV,KYM,MDKU,DNV,RLG,VML,KLX,NDKD,ARKV,UNDI,LKSH,MVA,JPI"
26335,TIRUMALA EXP,GVI,GVMH,419.0,7,"GVI,NDKD,PDKN,AKU,PUN,KLKA,GVMH"
12886,BJE-SHM ARAN,BJE,SHM,317.0,13,"BJE,SNTD,ADRA,BQA,VSU,GBA,CDGR,SLB,MDN,KGP,PKU,SRC,SHM"
26389,GODAVARI EXPRES,SGDM,BMH,645.0,10,"SGDM,AD,TGL,BDVR,KVLS,PDT,KHT,CTO,VGH,BMH"
28738,GNT NS EXP,JKO,GWM,374.0,8,"JKO,GTLM,SIE,VML,MUK,VGA,RGM,GWM"
24934,CIRCAR EXPRESS,BSPL,SYM,979.0,17,"BSPL,NRR,UPD,PUMU,PUT,KOU,VDI,ZPL,GVA,VMU,ANE,GTLM,NBR,PDKN,SCMN,PUN,SYM"
18679,JANMABHOOMI EXP,ASP,ALAT,992.0,16,"ASP,BLPE,MBD,KBM,VKZ,PCU,MPL,VPG,GPDE,KTCR,TCNR,CTO,MLK,VGA,RLL,ALAT"
26708,NARAYANADRI EXP,KPU,UPL,468.0,10,"KPU,NRP,SAB,NGNT,GY,VMU,AL,CPL,SCM,UPL"
18042,NARAYANADRI EXP,HCM,VKT,318.0,7,"HCM,KTCR,BZA,RCG,MCVM,MRM,VKT"
20303,TIRUMALA EXP,MRK,STUR,670.0,13,"MRK,MAR,SPF,DGB,BPP,PYA,NZD,MCVM,PGDI,MAG,KVZ,CVV,STUR"
17770,VISAKHA EXPRESS,JMDG,BDPL,876.0,15,"JMDG,VAT,DKD,POO,SUDV,EDD,VND,MAR,ARK,OGL,JUR,CIV,GVA,BTVA,BDPL"
20804,PRASHANTI EXP,HCM,MUM,529.0,11,"HCM,VKT,GZA,MOO,GNN,VKZ,KVZ,VDE,GKM,PLVA,MUM"
15589,CIRCAR EXPRESS,KGL,KEF,827.0,14,"KGL,PMT,NZD,CCA,SDM,YLK,DMT,MVA,MLU,VMD,KYM,NLR,SALR,KEF"
29735,VANDE BHARAT,KSK,POO,1112.0,17,"KSK,CHE,NRE,MLU,AXR,TGL,VKZ,PLU,JBK,NDL,UNDI,BTTR,KCC,MTM,RLG,NG,POO"
17669,SESHADRI EXP,ARK,VMD,945.0,17,"ARK,GVL,CTPR,ANV,SF,DVR,MYL,NCU,PYX,MADU,TNRU,LMD,PSLP,MLU,KLDI,SPF,VMD"
17646,SIMHADRI EXP,PUN,GDR,735.0,15,"PUN,MTM,DCU,SPE,PIL,CVV,ARKV,BVO,GGNP,YLK,KO,RAL,RML,BVM,GDR"
26143,GNT NS EXP,SGDM,DMM,758.0,15,"SGDM,KVZ,RCG,ZPL,UGD,GLP,APL,GDP,SUP,KO,TNRU,NWP,GTLM,PIL,DMM"
26511,INTERCITY EXP,NRT,APT,906.0,17,"NRT,SUP,REG,KHT,TKPY,PDGL,MIPM,NDO,PDT,VLE,VRN,CGI,CPP,MUM,KSK,KCC,APT"
13502,ASN -  HLZ E,ASN,HLZ,323.0,18,"ASN,BURN,MDKD,MDF,ADRA,CJN,BQA,ODM,VSU,GBA,CDGR,SLB,MDN,KGP,PKU,TMZ,DZKT,HLZ"
12305,KOLKATA RAJD,HWH,NDLS,1516.0,9,"HWH,BWN,MDP,JSME,PNBE,MGS,ALD,CNB,NDLS"
18990,TUNGABHADRA EXP,ARKV,NRP,488.0,9,"ARKV,VND,PTT,GVI,DVD,APL,KYM,VLD,NRP"
24775,GODAVARI EXPRES,GVMH,SPE,602.0,12,"GVMH,VAT,KMX,MPU,SAP,AVLI,GDR,SJL,VML,RCA,KCM,SPE"
29752,TUNGABHADRA EXP,DUSI,TNR,427.0,9,"DUSI,NRYP,RAM,CLPE,JKO,ZPL,PCL,GID,TNR"
24269,MEMU SPECIAL,MALM,RDG,598.0,10,"MALM,KEN,KUK,TGU,BVO,PDU,STUR,PUA,JUR,RDG"
26545,VISAKHA EXPRESS,NS,KPU,634.0,11,"NS,KNLP,ANV,VND,KOVH,KPL,GID,STUR,MLU,RPL,KPU"
17806,GNT NS EXP,DMT,SJMA,314.0,7,"DMT,PRDT,KSK,ANE,SALR,KVM,SJMA"
18393,RATNACHAL EXP,HNMN,KLKA,359.0,9,"HNMN,GVI,HUP,GWM,LKSH,RAL,CPL,ODUR,KLKA"
27209,KRISHNA EXPRESS,SVPM,BPY,966.0,16,"SVPM,REG,GID,YLK,KVM,PMT,NDL,BTVA,HCM,BDPL,CCA,KPLH,KTCR,KDP,AKP,BPY"
17135,JANMABHOOMI EXP,KHT,BPP,574.0,12,"KHT,PAV,NGNT,VPL,NRP,TIU,RDG,PSA,KLDI,NRYP,TNR,BPP"
15008,KRISHAK EXPR,LJN,BCY,505.0,37,"LJN,LC,BNZ,BBK,BUW,JLD,CLJ,GD,MUR,MSW,BV,BST,KLD,MHH,SIPR,SWA,JTB,DMG,GKP,GKC,CC,GB,DEOS,NRA,BTT,SRU,LRD,BLTR,KER,IAA,MAU,DLR,JKN,SDT,ARJ,SRNT,BCY"
16416,PINAKINI EXP,NLR,PSLP,694.0,17,"SJMA,CEM,MGPR,DHNE,VGH,RAL,YGD,PVPT,AVLI,ZPL,PAP,VPG,NML,CHE,CEL,MGB,KLU"
12524,NDLS-NJP BI-,NDLS,NJP,1499.0,18,"NDLS,GZB,MB,LKO,GD,GKP,DEOS,SV,CPR,SEE,HJP,MFP,SPJ,ROA,KGG,KIR,KNE,NJP"
12657,MAS-SBC MAIL,MAS,SBC,360.0,8,"MAS,AJJ,KPD,JTJ,BWT,BNCE,BNC,SBC"
18041,MEMU SPECIAL,MUM,DNV,483.0,8,"MUM,GWM,PUN,GY,BPY,CEL,PGU,DNV"
26810,INTERCITY EXP,NSPH,MUK,519.0,10,"NSPH,KHT,BMH,JMDG,STVA,MLU,KOU,KQA,MLGT,MUK"
22208,TVC-MAS AC E,TVC,MAS,904.0,11,"TVC,QLN,ALLP,ERS,TCR,PGT,CBE,ED,SA,KPD,MAS"
22649,YERCAUD EXPR,MAS,ED,390.0,18,"MAS,PER,TRL,AJJ,SHU,WJR,KPD,GYM,AB,VN,JTJ,TPT,MAP,BDY,BQI,SA,SGE,ED"
27107,VISAKHA EXPRESS,CCT,MUM,511.0,12,"CCT,PGRL,BDVR,MRM,VPL,BQU,MAR,NGM,ODUR,CLPE,AKAH,MUM"
16731,INTERCITY EXP,IPPM,VDE,451.0,9,"IPPM,JBK,PSA,SNKG,KEN,KCI,HAQ,KTCR,VDE"
18793,KRISHNA EXPRESS,HX,PIL,511.0,12,"HX,PAM,PDKN,DHNE,SPT,KVM,PRH,MDUN,AD,KCM,PRCA,PIL"
20333,MEMU SPECIAL,SMLG,NLS,652.0,11,"SMLG,KMH,NSPH,MDVL,ALM,AVLI,BGNP,NDM,BVRM,VKT,NLS"
13926,JANMABHOOMI EXP,NDPU,TOU,493.0,12,"NDPU,RVD,VKI,VH,SAP,MPT,RLG,KPLH,SPT,VJA,JAQ,TOU"
28448,GODAVARI EXPRES,KRV,BVO,642.0,11,"KRV,TDK,STUR,RMV,GVMH,HUP,PUA,GDE,AXR,ZPL,BVO"
16778,VISAKHA EXPRESS,KEN,MAG,781.0,13,"KEN,PDL,BAV,NDM,REG,MDVL,NCE,PDU,KNLP,PUN,MVA,KOVH,MAG"
25194,RATNACHAL EXP,CCI,KCC,638.0,9,"CCI,TMLU,RCG,KRYP,AL,GPJ,VLE,TDD,KCC"
18748,KRISHNA EXPRESS,CU,SKM,575.0,13,"CU,VGH,GNN,KPN,MCU,CCA,KKLR,NSX,AL,CCT,PLU,TMC,SKM"
13313,FALAKNUMA EXP,KKLR,BZA,825.0,14,"KKLR,KRYP,BVL,SYM,KLX,PNM,TCNR,TDK,CEL,MGB,RVD,GDP,MUK,BZA"
12076,TVC - CLT JA,TVC,CLT,398.0,12,"TVC,VAK,QLN,KYJ,ALLP,SRTL,ERS,AWY,TCR,SRR,TIR,CLT"
12099,RATNACHAL EXP,SLM,TDK,487.0,9,"SLM,GPJ,PDL,PUA,BZA,RPRL,MOO,BTVA,TDK"
15021,SHALIMAR-GOR,SHM,GKP,1056.0,15,"SHM,KGP,TATA,PRR,BJE,GMO,GAYA,SSM,MGS,BSB,ARJ,MAU,BTT,DEOS,GKP"
19346,PINAKINI EXP,RYP,KRAP,794.0,16,"RYP,VNM,SPE,PGDI,GGNP,BNL,RRJ,KHT,PKD,RGM,PEL,GVA,KRV,DMT,SVF,KRAP"
17072,GOLCONDA EXP,DVR,PYX,559.0,12,"DVR,BZA,MNPT,PTT,CTO,SLO,RPL,SLM,VDE,VPL,TMB,PYX"
13666,GARIB RATH,TU,VRN,914.0,16,"TU,NOSM,KO,CPL,KPN,PYA,VZM,MDKU,DMT,PDGL,NDM,GPDE,GLP,GWM,JAQ,VRN"
20276,GARIB RATH,GID,CMDP,525.0,11,"GID,KNRT,GPI,DUU,PAK,KRYP,MDKU,NG,PRH,SMLG,CMDP"
13913,RATNACHAL EXP,VAT,TMB,893.0,17,"VAT,NUJ,THY,NBM,RYP,NOSM,SAP,KVLS,PAM,GMDA,DMT,RMV,PYX,RAL,NWP,REM,TMB"
25243,SEVEN HILLS EXP,KUK,VGA,281.0,7,"KUK,SLO,KNLP,RMZ,KPN,ARK,VGA"
13798,RAYALASEEMA EXP,MLU,MDKU,426.0,8,"MLU,NLS,CEL,REM,SVPM,NUJ,NCE,MDKU"
21734,GNT NS EXP,LKDU,TCNR,561.0,12,"LKDU,PAVP,GZA,CVV,TLU,MRK,MUK,MUM,TGL,GVMH,TKBN,TCNR"
14311,BE -NBVJ EXP,BE,BHUJ,1543.0,46,"BE,MIL,RMU,MB,AMRO,HPU,PKW,GZB,DLI,DEE,DEC,PM,GGN,GHH,PTRD,RE,KRH,AWR,MKH,RHG,BKI,DO,GTJT,GADJ,JP,FL,NRI,KSG,AII,BER,MJ,FA,ABR,PNU,MSH,ADI,VG,DHG,HVD,MALB,SIOB,BCOB,GIMB,AI,AJE,BHUJ"
16269,NARAYANADRI EXP,CLVR,SUDV,480.0,10,"CLVR,CTO,MIPM,RPCA,BLPE,IPPM,TU,PIL,TOU,SUDV"
23315,PRASHANTI EXP,DUU,PAV,731.0,14,"DUU,ARK,KYND,TOU,CVV,TSR,VLV,KUMU,THY,PDT,KMH,PIL,MDVL,PAV"
24021,MEMU SPECIAL,BVL,SPF,316.0,7,"BVL,VBL,HX,AKAH,ZPI,TUNI,SPF"
26676,MEMU SPECIAL,KRY,PAM,641.0,14,"KRY,TPW,NGM,SSPN,VGT,SUPP,PMT,MUM,PRDT,KCM,NRR,NSX,BUM,PAM"
15406,SIMHADRI EXP,KRYP,CTO,920.0,17,"KRYP,SDM,DWP,KDT,TDD,MPT,NCU,LKSH,VDE,GJJ,TOU,VLD,NLPD,EE,DVR,BSPL,CTO"
22486,AMARAVATI EXP,SDM,GVN,754.0,14,"SDM,DNV,YA,TGL,SPE,EDD,TAC,KCI,CIV,PAVP,KBA,VGH,KPL,GVN"
29410,FALAKNUMA EXP,IDP,KVLS,850.0,16,"IDP,CEM,PRDT,GLU,GDR,RDG,SRPM,NLS,NYP,KCI,ODUR,KPLH,RPRL,ALM,DMM,KVLS"
23680,GODAVARI EXPRES,RJP,TAT,331.0,7,"RJP,GRBL,SCM,VLD,MBL,SJMA,TAT"
29660,RAYALASEEMA EXP,GMDA,SPF,632.0,11,"GMDA,KJJ,CGI,KAQ,STUR,APL,ANB,MAR,VKI,MAG,SPF"
24705,RATNACHAL EXP,PNM,AKU,601.0,14,"PNM,BVRT,TUNI,NGM,MDPD,VPU,MCU,IPM,JAQ,CMZ,CLPE,BMKD,BMH,AKU"
20129,GODAVARI EXPRES,AD,NKDO,549.0,10,"AD,TGL,KUK,TNR,TIU,MGPR,KPLL,MMPL,PKPU,NKDO"
20505,NARAYANADRI EXP,PYA,PGU,301.0,7,"PYA,TAC,PDMI,GUK,VND,TMB,PGU"
13925,VIKRAMASIMHAPURI,GTL,ANE,489.0,11,"GTL,KLX,AKU,NASP,SIE,PRDT,VNM,CTPR,AKP,CU,ANE"
12814,TATA-HWH STE,TATA,HWH,253.0,9,"TATA,RHE,GTS,CKU,JGM,SUA,KGP,SRC,HWH"
15102,JANSADHARN,CSMT,CPR,1882.0,19,"CSMT,KYN,NK,MMR,BSL,KNW,ET,BPL,JHS,ORAI,CNB,LJN,GD,BST,GKP,DEOS,BTT,SV,CPR"
29882,SEVEN HILLS EXP,KPLH,STUR,672.0,14,"KPLH,ZPI,KTCR,SVF,BZA,PGU,KQA,MDKU,RDG,TGU,VBL,SCMN,CJM,STUR"
26223,PINAKINI EXP,PTT,BMGM,575.0,15,"PTT,KVR,NML,VMU,PUT,PGRL,BEY,MOO,BPP,CBM,PAVP,PUDI,AKVD,RMV,BMGM"
18557,RAYALASEEMA EXP,GPI,DNV,623.0,13,"GPI,VKZ,NRP,PYA,CHE,GVI,KMQA,ATP,KCI,GVMH,PNM,PGRL,DNV"
24330,SIMHADRI EXP,YLK,DPD,233.0,7,"YLK,MRK,KBM,PKD,NGM,SAB,DPD"
19441,GOLCONDA EXP,JBK,KYM,656.0,13,"JBK,SKM,MIPM,PKD,KKM,PDT,TLU,GZA,SSPN,NGNT,SGKM,PDU,KYM"
28166,GARIB RATH,AVLI,NRE,281.0,7,"AVLI,UPD,LKSH,MIPM,SLO,KLDI,NRE"
29808,JANMABHOOMI EXP,SNKG,EE,821.0,17,"SNKG,VGH,YLK,OTR,SJMA,BMD,NG,RML,ARK,MBD,LVK,TCNR,GALA,VAT,MYL,CPL,EE"
13268,GODAVARI EXPRES,SSPN,EE,892.0,15,"SSPN,TGL,AKU,MPL,KOU,NCE,NZD,KO,ANV,LKDU,SUP,PGDI,TPTY,CLX,EE"
27076,AMARAVATI EXP,SYM,SUPP,1004.0,15,"SYM,BKPT,MGPR,PAGM,KUMU,CJM,GMDA,SPF,CHE,JBK,PNM,CCA,KRNT,YPD,SUPP"
26873,JANMABHOOMI EXP,NGNT,NDL,605.0,12,"NGNT,GVL,CHE,KRV,ZPL,MLU,TKBN,LVK,DUU,CLVR,PHM,NDL"
23478,KRISHNA EXPRESS,PIL,TTU,878.0,17,"PIL,SVF,KVZ,PDGL,OTR,ODUR,NYP,PSPY,GGNP,SGDM,KBA,TMC,SNKG,KTV,MPT,UPD,TTU"
21332,NARAYANADRI EXP,KVLS,YLK,752.0,14,"KVLS,KOVH,PMD,CU,MDUN,PHM,CEM,CEL,RU,MKJ,BAV,POO,AKU,YLK"
26508,SIMHADRI EXP,TNRU,TSR,440.0,10,"TNRU,GZA,PDT,NDO,UKD,TNR,KPN,GWM,PDGL,TSR"
21838,GNT NS EXP,VSKP,JPI,304.0,7,"VSKP,KSK,PHM,KGL,AKAT,PDU,JPI"
23151,SESHADRI EXP,KGL,VMD,687.0,12,"KGL,EDD,SUP,SMLG,CIV,VKZ,PKPU,PVD,ATP,KPLH,VLD,VMD"
28246,JANMABHOOMI EXP,HX,MCU,602.0,12,"HX,VKN,SIE,KPN,CGI,PNM,VJA,KYM,KLKA,NDPU,NASP,MCU"
22248,GARIB RATH,EDD,VMU,286.0,7,"EDD,KVZ,MBL,NDKD,RPL,PLU,VMU"
19759,AMARAVATI EXP,LKDU,PLVA,623.0,12,"LKDU,GJJ,KI,SCMN,MVA,MPL,NDZ,BVM,RMZ,NZD,HNMN,PLVA"
21870,AMARAVATI EXP,CMZ,TMB,498.0,7,"CMZ,UNDI,LKSH,BSPL,GZL,GRBL,TMB"
13305,DHN-GAYA INT,DHN,GAYA,198.0,17,"DHN,TET,GMO,NMG,PNME,CCK,HZD,CBH,PSB,SMND,HRE,KQR,GJD,GAP,PRP,TKN,GAYA"
27141,GARIB RATH,CLX,VPL,668.0,13,"CLX,KCC,MMPL,VKN,HAQ,DGB,SDM,VGA,TIM,VKT,MTM,BVM,VPL"
24761,AMARAVATI EXP,APT,PEL,425.0,7,"APT,VTM,KLX,VGA,NLA,NBR,PEL"
23880,VANDE BHARAT,PUDI,PSA,1016.0,17,"PUDI,MMS,KPLH,TPW,KO,VLV,VJA,MUK,PAK,GRBL,MAG,VND,PKD,VDE,NCE,HCM,PSA"
18518,VSKP-KORBA E,VSKP,KRBA,727.0,31,"VSKP,SCM,VZM,VBL,PVP,PVPT,RGDA,SPRD,THV,MNGD,AMB,NRLR,RPRD,KSNG,TIG,MRBL,KBJ,HSK,NPD,KRAR,BGBR,MSMD,R,TLD,BYT,BYL,BSP,AKT,NIA,CPH,KRBA"
29634,CIRCAR EXPRESS,TNRU,BMGM,465.0,7,"TNRU,RLG,LKDU,KRYP,DMM,BMH,BMGM"
18239,GAD-NGP SHIV,GAD,NGP,520.0,31,"GAD,KRBA,URGA,SRBA,MWRN,KTHD,BPRH,CPH,NIA,KPNA,AKT,KTSH,JRMG,BSP,BYL,BYT,TLD,R,BIA,BPHB,DURG,RJN,DGG,AGN,G,TRO,TMR,BRD,KP,ITR,NGP"
25770,VANDE BHARAT,LKDU,AL,659.0,14,"LKDU,MDPD,BMKD,SDM,ALM,GPDE,TAT,BVRM,UPL,SMLG,MDVL,DMM,MLGT,AL"
14403,NARAYANADRI EXP,MNPT,KEN,541.0,9,"MNPT,TPW,PVD,AXR,KBA,KSTE,MGPR,VGH,KEN"
27985,SEVEN HILLS EXP,ESV,PDT,314.0,7,"ESV,NMLU,VGT,PDKN,AKP,KGL,PDT"
28935,JANMABHOOMI EXP,YGD,NS,215.0,7,"YGD,PSDA,KHT,GLP,VND,KO,NS"
21385,RATNACHAL EXP,KBA,THY,603.0,12,"KBA,GPI,KCD,MAR,RPCA,BVRM,VTM,SGKM,SAB,BQU,MUM,THY"
20557,SIMHADRI EXP,MVP,PDL,721.0,13,"MVP,KVM,PAVP,KGL,GVI,COA,CTO,RDG,ALAT,KHT,SJMA,MPL,PDL"
21238,PRASHANTI EXP,TU,SLM,616.0,13,"TU,SGDM,GNT,BVRM,CCA,RAL,PRDT,KAQ,RMV,SMLG,PGU,RLG,SLM"
22088,JANMABHOOMI EXP,TMLU,VJA,528.0,10,"TMLU,NKDO,PIL,NLR,OBVP,KRYP,KTV,GZA,SJMA,VJA"
15913,JANMABHOOMI EXP,SUP,KGL,833.0,15,"SUP,BZA,OBVP,KYM,VLD,DKSA,GZA,DWP,SLO,BGNP,NDM,NLS,EKM,KDP,KGL"
26881,GODAVARI EXPRES,GGNP,MCLE,338.0,8,"GGNP,GTLM,GMDA,BUM,HX,KUMU,MGPR,MCLE"
19116,BHUJ DDR EXP,BHUJ,DDR,843.0,29,"BHUJ,AJE,AI,GIMB,BCOB,SIOB,MALB,HVD,DHG,VG,ADI,MAN,ND,ANND,BRC,VS,MYG,PLJ,BH,AKV,KSB,ST,NVS,BIM,BL,VAPI,DRD,BVI,DDR"
14461,GODAVARI EXPRES,DNV,SKM,372.0,7,"DNV,VDI,JMDG,RLG,MVA,CLX,SKM"
19652,INTERCITY EXP,PNM,UNDI,898.0,14,"PNM,VPU,GDP,DHNE,RAL,TIM,KPU,NZD,GNT,LVK,TU,NRP,TEK,UNDI"
24808,MEMU SPECIAL,MOO,TMPM,389.0,8,"MOO,VGH,ASP,GVL,MVW,KEF,SCM,TMPM"
18401,PURI-OKHA WE,PURI,OKHA,2779.0,41,"PURI,SIL,KUR,BALU,CAP,BAM,PSA,CHE,VZM,VSKP,AKP,SLO,RJY,EE,BZA,WL,RDM,MCI,SKZR,BPQ,CD,WR,BD,AK,SEG,MKU,BSL,JL,AN,NDB,ST,BRC,ADI,VG,SUNR,RJT,HAPA,JAM,KMBL,DWK,OKHA"
24890,RAYALASEEMA EXP,DNV,RYP,402.0,9,"DNV,CVV,MCLE,BMKD,KYND,UKD,PUMU,PVP,RYP"
15277,SEVEN HILLS EXP,BUM,KQA,603.0,13,"BUM,STUR,GVMH,DKSA,RVD,ASP,VPG,MPT,BDPL,RPL,UPL,MAG,KQA"
16865,GARIB RATH,NDD,NSPH,210.0,7,"NDD,BAV,MCLE,BVRM,BDVR,MRK,NSPH"
27682,SESHADRI EXP,KVR,PUT,388.0,8,"KVR,SSPN,SDV,SF,TKU,SLM,VSKP,PUT"
22351,PPTA - YPR E,PPTA,YPR,2706.0,28,"PPTA,DNR,MGS,MZP,ACOI,STA,KTE,JBP,ET,BZU,PAR,NGP,CD,BPQ,SKZR,RDM,WL,KMT,BZA,OGL,NLR,GDR,MAS,AJJ,KPD,JTJ,KJM,YPR"
16013,SEVEN HILLS EXP,GVI,KJJ,461.0,9,"GVI,TDD,VPL,DGB,TGL,TMC,DHNE,PCU,KJJ"
19618,AMARAVATI EXP,KKM,BTTR,518.0,11,"KKM,AD,EE,BMGM,LIN,NUJ,GTLM,VKI,BDVR,PRH,BTTR"
12691,MAS-SSPN EXP,MAS,SSPN,528.0,11,"MAS,AJJ,SHU,KPD,AB,JTJ,BWT,KJM,BNC,SBC,SSPN"
29560,SESHADRI EXP,MDVL,ALM,833.0,17,"MDVL,GVN,KJJ,PDKN,MLK,BZA,SIE,SUDV,NGJA,CPP,DIG,AL,POA,RCA,PSA,THY,ALM"
22159,INTERCITY EXP,BUM,SGKM,1116.0,17,"BUM,PHM,NDZ,SUPP,PVPT,EDD,CEL,DMM,NWP,GNT,JKO,KPN,COA,RMV,DKSA,ATP,SGKM"
27484,VIKRAMASIMHAPURI,TPW,PRH,850.0,14,"TPW,PVP,SRPM,ANE,PSDA,NLPD,GTLM,PSA,LVK,HCM,RLG,PGU,BGNP,PRH"
14614,FZR-CDG- EXP,FZR,CDG,236.0,8,"FZR,TWB,MOGA,JGN,LDH,SMRL,SASN,CDG"
15212,ASR- DBG JAN,ASR,DBG,1486.0,46,"ASR,BEAS,JUC,PGW,PHR,LDH,DDL,SIR,RPJ,UMB,YJUD,SRE,LRJ,NBD,MB,BE,SPN,MINJ,SPC,SCC,MMB,BUW,GD,BST,GKP,CPJ,GH,SBZ,KZA,BUG,HIR,NKE,CAI,BTH,SGL,BMKI,CAA,MAI,MTR,MFP,DOL,KPGM,SPJ,HYT,LSI,DBG"
29638,NARAYANADRI EXP,TUNI,PDT,819.0,15,"TUNI,LIN,RCA,CJM,SCM,BZA,GDE,PYX,RAL,VSKP,MCVM,NRYP,STVA,PUDI,PDT"
20402,JANMABHOOMI EXP,KSTE,PKPU,716.0,15,"KSTE,LKDU,POA,VNM,BMGM,LKSH,MCLE,MMPL,CCA,JUR,RLG,GPY,PDL,GDP,PKPU"
27502,SEVEN HILLS EXP,UPD,PDGL,814.0,14,"UPD,GPU,AKU,BTVA,BEY,KLKA,VDI,AVLI,CMDP,CLU,TADA,VPG,BDPL,PDGL"
27152,PRASHANTI EXP,YPD,ALAT,926.0,17,"YPD,BDVR,YLM,KPL,VLV,MCVM,PHM,PLVA,KRV,GMA,RPL,EE,MLGT,VPG,YGD,MYL,ALAT"
25592,JANMABHOOMI EXP,CLU,MCU,514.0,10,"CLU,SDV,KLU,PEL,SJL,REG,RCA,TCNR,SLM,MCU"
22959,JAMNAGAR INT,ST,JAM,556.0,21,"ST,KIM,KSB,AKV,BH,MYG,BRC,ANND,ND,MHD,ADI,SBT,CLDY,VG,SUNR,THAN,WKR,RJT,PDH,HAPA,JAM"
19127,AMARAVATI EXP,KRV,DWP,414.0,8,"KRV,RBCS,KOLA,PGU,CKV,MADU,DGDG,DWP"
12340,COALFIELD EX,DHN,HWH,259.0,13,"DHN,KMME,BRR,ULT,STN,ASN,RNG,UDL,OYR,DGR,PAN,MNAE,HWH"
13813,PRASHANTI EXP,CBM,PAV,453.0,9,"CBM,SLO,ASP,TMC,JKO,KLDI,PDL,BNL,PAV"
19184,VISAKHA EXPRESS,KDT,PAP,645.0,13,"KDT,PIL,REM,NGM,GLU,ZPL,OBM,PSA,KCM,YA,KRAP,NLPD,PAP"
22542,CIRCAR EXPRESS,KLX,COA,874.0,15,"KLX,VRN,GJJ,RRJ,BGHU,MBD,RBCS,MMS,ZPI,MCU,GZA,SUPP,TAC,KEN,COA"
19675,JANMABHOOMI EXP,KLKA,KOU,870.0,13,"KLKA,JKO,NRT,PAK,ANV,VDI,MUM,GMDA,SPF,SSPN,MUK,PAV,KOU"
17928,VANDE BHARAT,CCA,KQA,566.0,10,"CCA,SPT,NRT,AL,MRM,PAP,TEL,ULM,EKM,KQA"
12698,TVC-MAS EXP,TVC,MAS,903.0,14,"TVC,KZK,QLN,TRVL,KTYM,ERN,TCR,PGT,PTJ,ED,SA,JTJ,KPD,MAS"
15652,GHY-JAT LOHI,JAT,GHY,2348.0,43,"JAT,KTHU,PTKC,JRC,LDH,UMB,YJUD,SRE,RK,LRJ,MB,BE,HRI,LKO,GD,BST,GKP,DEOS,BTT,SV,CPR,SEE,HJP,DES,MNO,SPP,MOG,BJU,BGS,KGG,MNE,NNA,CRR,KIR,KNE,NJP,DQG,NCB,NOQ,NBQ,RNY,KYQ,GHY"
26555,GODAVARI EXPRES,KSK,KOVH,754.0,15,"KSK,MNPT,ALM,MPL,UPD,PDU,ZPL,PNM,NSPH,PGU,ARKV,DVR,NDM,VKN,KOVH"
21987,GODAVARI EXPRES,KPLL,GTLM,447.0,9,"KPLL,KGL,OBM,MDVL,TEK,SLM,BNL,GZL,GTLM"
16828,RATNACHAL EXP,VMD,MTM,793.0,12,"VMD,UGD,BTTR,KCI,GPJ,PAVP,DMM,APL,BMGM,TLU,VML,MTM"
27029,PINAKINI EXP,NGNT,DGB,720.0,12,"NGNT,GVMH,MDKU,KI,TEL,TLU,UKD,CPL,KSTE,NRT,MADU,DGB"
15395,INTERCITY EXP,BVL,LKSH,413.0,7,"BVL,GKM,TEL,MPL,BPP,CCA,LKSH"
15889,AMARAVATI EXP,JPI,KUMU,817.0,15,"JPI,NGM,PAV,EDD,LKSH,PKPU,TTU,GVA,GMDA,ARK,DGB,KTV,MCLE,MADU,KUMU"
17919,KRISHNA EXPRESS,KJJ,TGL,907.0,16,"KJJ,MBL,DMM,NGJA,NLS,PLVA,MAR,VND,KGL,NSX,GALA,PPM,RPCA,KLX,AKVD,TGL"
27585,PRASHANTI EXP,VPG,KLU,619.0,11,"VPG,SALR,DUU,CHE,JPI,KLX,RDG,KBM,NCE,RAM,KLU"
26471,GODAVARI EXPRES,RPRL,GPJ,393.0,9,"RPRL,ARKV,TNRU,APL,UPL,TSR,TU,NOSM,GPJ"
17998,RAYALASEEMA EXP,PAK,KVDU,729.0,15,"PAK,PMD,CGI,KDUH,KOU,MMPL,STUR,HX,KVZ,PKPU,BMH,REG,PDGL,OTR,KVDU"
27450,FALAKNUMA EXP,TPTY,RJP,683.0,12,"TPTY,CCA,RLO,BMD,DIG,CKV,NLS,SPT,LVK,MRK,DKD,RJP"
24143,VISAKHA EXPRESS,AKVD,PVPT,824.0,14,"AKVD,COA,NDZ,ODUR,VGT,LMD,BMD,KSTE,SRPM,RJP,VKT,NRP,KVDU,PVPT"
25626,SIMHADRI EXP,PTT,GMDA,584.0,11,"PTT,GVMH,PSDA,GUK,KCC,CCA,TOU,MDKU,PAGM,VLV,GMDA"
21278,INTERCITY EXP,TPW,LKSH,539.0,10,"TPW,MLK,SUPP,PVD,ASP,CLVR,GDE,PVP,DVR,LKSH"
19549,SESHADRI EXP,PDMI,VPU,842.0,17,"PDMI,DCU,DNV,NRT,DWP,GDV,PKO,KCM,KVM,MGV,PMT,AKU,UKD,VGA,PHM,TMB,VPU"
19074,GOLCONDA EXP,NBM,MDPD,687.0,14,"NBM,KLKA,SNKG,VPG,MPL,MUM,CLVR,KHT,KPL,PKD,COA,KMH,TPW,MDPD"
26452,FALAKNUMA EXP,MGV,YLM,765.0,17,"MGV,AKAT,KUMU,GLU,NMLU,KVR,NDZ,NRR,DUSI,TKU,KO,PKPU,SPE,PGRL,JPI,YLK,YLM"
21814,GOLCONDA EXP,SCM,NML,609.0,11,"SCM,VPG,TCNR,NDD,KLDI,DWP,AL,PSPY,PDSN,VML,NML"
27402,AMARAVATI EXP,GJJ,RPL,403.0,8,"GJJ,MLU,STVA,KBA,CLVR,NSX,MIPM,RPL"
20462,PINAKINI EXP,VLE,DVD,464.0,10,"VLE,ARK,RYP,MADU,NDPU,MDUN,REM,BQU,PUT,DVD"
23173,KRISHNA EXPRESS,CIV,PAV,340.0,7,"CIV,MDVL,BVRT,MUM,CTO,MMPL,PAV"
18832,GNT NS EXP,NZD,LKSH,707.0,15,"NZD,SJL,GMA,ALAT,KNRT,PDU,HVM,MTM,KCM,NUJ,DVR,POO,ANE,BMKD,LKSH"
12153,LTT-HBJ EXPR,LTT,HBJ,820.0,10,"LTT,TNA,KYN,IGP,BSL,KNW,HD,ET,HBD,HBJ"
23178,GNT NS EXP,STUR,EDD,422.0,9,"STUR,IPPM,MBL,VGA,DNV,RMZ,UNDI,VDD,EDD"
14206,DLI-FD EXPRE,DLI,FD,614.0,11,"DLI,GZB,HPU,MB,RMU,BE,SPN,LKO,BBK,DYD,FD"
22201,DURONTO EXPR,SDAH,PURI,527.0,3,"SDAH,KGP,PURI"
21233,SIMHADRI EXP,CLU,GPY,455.0,7,"CLU,PYA,IPM,VRN,NRE,VSKP,GPY"
26000,TIRUMALA EXP,KEF,MOO,481.0,8,"KEF,GID,TDK,GDE,TDD,PGU,MPL,MOO"
19260,BVC KCVL EXP,BVC,KCVL,2270.0,41,"BVC,SOJN,DLJ,BTD,JVN,ADI,ND,ANND,BRC,AKV,ST,BSR,PNVL,ROHA,CHI,RN,SNDD,THVM,MAO,KAWR,KT,BYNR,UD,MAJN,KGQ,PAY,CAN,TLY,BDJ,CLT,TIR,SRR,TCR,AWY,ERN,KTYM,TRVL,CNGR,KYJ,QLN,KCVL"
27828,TIRUMALA EXP,MTM,PRH,658.0,11,"MTM,UKD,BMGM,CHE,NLR,VJA,KTV,NML,VPU,SPT,PRH"
17880,TIRUMALA EXP,BBPM,MLGT,281.0,8,"BBPM,PRCA,TNR,ANB,DUSI,SMLG,UKD,MLGT"
15739,GODAVARI EXPRES,NZD,SPE,443.0,10,"NZD,GID,CTO,VGT,EDD,VPU,ASP,HAQ,OGL,SPE"
12242,ASR-CDG SUPE,ASR,CDG,247.0,6,"ASR,BEAS,JUC,LDH,SASN,CDG"
13424,AII- BGPWKLY,AII,BGP,1749.0,18,"AII,NSD,BJNR,BHL,CNA,KOTA,GUNA,SGO,KTE,STA,ACOI,MGS,PNBE,PNC,KIUL,AHA,JMP,BGP"
26232,SEVEN HILLS EXP,UKD,BUM,905.0,17,"UKD,GTLM,KNLP,DUU,NSPH,PUN,MTM,SCM,RPL,JMDG,VPU,CPP,KPLH,NUJ,RAM,GNN,BUM"
19456,AMARAVATI EXP,RLG,RJY,236.0,7,"RLG,MMPL,YGD,REG,SUP,SNM,RJY"
26393,KRISHNA EXPRESS,KLKA,TMC,551.0,11,"KLKA,SUDV,MBL,VPL,KEF,KVLS,KPLL,PUN,REG,BQU,TMC"
22269,RAYALASEEMA EXP,PUA,CJM,339.0,7,"PUA,BVRT,DGDG,PRCA,RYP,VPG,CJM"
22275,PRASHANTI EXP,GJJ,NDPU,307.0,8,"GJJ,IDP,STVA,AKU,PAVP,CVV,POO,NDPU"
12788,MEMU SPECIAL,KO,HAQ,702.0,12,"KO,CBM,MRK,BGHU,NDD,RPRL,KLU,RML,PCL,KRV,TAC,HAQ"
13719,NARAYANADRI EXP,GY,VML,645.0,15,"GY,DKD,KVM,BGHU,KNRT,NDPU,VPL,PDT,VRVL,NLPD,IDP,KPL,AVLI,CEL,VML"
24380,PRASHANTI EXP,KCD,KRYP,331.0,7,"KCD,KLU,KNLP,TDK,CTPR,VGT,KRYP"
14867,RATNACHAL EXP,BDVR,MCU,410.0,8,"BDVR,AVLI,RAL,PAM,ARK,NYP,DIG,MCU"
25556,GNT NS EXP,ALAT,BAV,335.0,7,"ALAT,MIPM,PLU,VLV,LIN,IPM,BAV"
14423,MEMU SPECIAL,CLX,MMS,576.0,9,"CLX,RMV,CIV,GDE,ATP,PRDT,PCL,PDT,MMS"
17269,INTERCITY EXP,DKSA,ATP,389.0,8,"DKSA,NASP,DMM,MCVM,NDZ,HUP,PIL,ATP"
18889,CIRCAR EXPRESS,TLU,UKD,532.0,11,"TLU,NDZ,KJJ,KNRT,KEF,KMH,RBCS,AVLI,KCC,VLD,UKD"
14924,SESHADRI EXP,KCM,DVR,641.0,12,"KCM,NDO,GPU,GVL,GPI,NLR,PAP,VKI,HX,KVZ,VGA,DVR"
26956,MEMU SPECIAL,RVD,SJMA,551.0,10,"RVD,ARK,EKM,GMA,KQA,GALA,KDP,SUP,KUK,SJMA"
15937,JANMABHOOMI EXP,CCA,ESV,513.0,10,"CCA,GNN,KCI,NDM,YLK,PDU,GVL,PKO,PCU,ESV"
19895,SIMHADRI EXP,GPDE,JAQ,416.0,7,"GPDE,GNT,PAV,TEL,STUR,IPPM,JAQ"
12504,KYQ - BNC HU,KYQ,BNC,3032.0,23,"KYQ,NBQ,NJP,KNE,MLDT,RPH,HWH,KGP,BHC,CTC,BBS,KUR,BAM,PSA,CHE,VZM,VSKP,DVD,BZA,PER,KPD,WFD,BNC"
28921,VANDE BHARAT,GWM,NASP,980.0,16,"GWM,COA,KUK,TMB,DKD,SCMN,BSPL,PMT,SDV,NML,SIE,JMDG,PDL,GVA,CIV,NASP"
23014,JANMABHOOMI EXP,NKDO,GKM,360.0,7,"NKDO,JBK,PHM,MLU,RLG,TNRU,GKM"
27711,CIRCAR EXPRESS,VPG,NLA,963.0,17,"HVM,PKPU,OGL,PCU,KRYP,KYND,MKJ,ATP,YGD,ODUR,SPF,GLP,KVZ,KPLH,BNL,CJM,PYA"
23223,TIRUMALA EXP,CEM,APT,814.0,16,"CEM,BBPM,MVW,LKDU,GJJ,PYA,CLX,GVL,GID,UKD,KSTE,KVDU,VDD,NZD,SLM,APT"
13148,UTTAR BANGA,NCB,SDAH,692.0,24,"NCB,FLK,DQG,JPE,NJP,AUB,KNE,DLK,BOE,KDPR,SM,MLDT,NFK,PKR,NHT,RPH,SNT,AMP,BHP,GKH,BWN,DAKE,BNXR,SDAH"
14113,ALD-DDN LINK,ALJN,DDN,360.0,15,"ALJN,RG,BBA,CH,RJK,MB,KNT,SEO,DPR,NGG,NBD,CNK,LRJ,HW,DDN"
29492,INTERCITY EXP,DNV,NLS,467.0,11,"DNV,KHT,CPP,CCI,GLP,UGD,GPJ,PEL,PKD,PDT,NLS"
29684,TIRUMALA EXP,NOSM,UNDI,559.0,10,"NOSM,MNPT,KYM,GWM,GPY,NUJ,VGH,PUA,NGNT,UNDI"
17741,RATNACHAL EXP,PCL,MRK,560.0,10,"PCL,PRCA,NRE,CGI,GTLM,VAT,VKI,KNRT,RCA,MRK"
20244,GODAVARI EXPRES,PRH,PUMU,522.0,9,"PRH,PSPY,PAP,NOSM,BNL,ANV,NRP,AKVD,PUMU"
23362,SESHADRI EXP,ATP,GTLM,818.0,16,"ATP,MAG,GPY,SDM,KRNT,ULM,KQA,PDKN,RMZ,VKT,SRPM,NRE,KOVH,CHE,GPDE,GTLM"
27810,TUNGABHADRA EXP,BVL,PSA,617.0,13,"BVL,NRT,JAQ,KDUH,PNM,RGM,GVL,NRR,GVN,TEK,ZPL,KGL,PSA"
26746,RATNACHAL EXP,NLPD,VLE,557.0,11,"NLPD,BMKD,BPP,KMH,KJJ,GDE,OGL,KBA,PCL,MAG,VLE"
28143,GOLCONDA EXP,VLD,HCM,460.0,10,"VLD,MDKU,VDD,TSR,TTU,CEL,GGNP,KKLR,IPPM,HCM"
19085,SESHADRI EXP,MLK,KCC,344.0,10,"MLK,GPI,OTR,GZA,VDD,TUNI,TMC,KGL,PDKN,KCC"
28125,MEMU SPECIAL,VGA,NUJ,633.0,13,"VGA,MCVM,MKR,GUK,REM,KAQ,NMLU,ATP,ALAT,HX,MUK,VKT,NUJ"
13692,MEMU SPECIAL,RMV,ULM,832.0,14,"RMV,JKO,SIE,TU,PLU,MADU,KPN,PSLP,NDKD,MALM,NUJ,VND,NLR,ULM"
23637,SEVEN HILLS EXP,BTTR,STVA,782.0,14,"BTTR,PAM,GDR,PNM,MRK,YGD,NBM,PVD,NLS,TAC,REG,NDD,SPT,STVA"
12671,MAS-MTP NILA,MAS,MTP,526.0,9,"MAS,AJJ,KPD,SA,ED,TUP,CBF,CBE,MTP"
24581,VIKRAMASIMHAPURI,VDD,SCM,818.0,16,"VDD,SIE,RDG,KVLS,VLV,TEK,UKD,TCNR,DUSI,MPT,KBM,SDV,TMLU,GPY,TSR,SCM"
16143,AMARAVATI EXP,POA,MMPL,671.0,12,"POA,ARK,KOLA,MADU,VZM,VDI,NYP,VKT,KCD,ZPI,VGT,MMPL"
21887,GNT NS EXP,MRK,KUMU,441.0,10,"MRK,RCA,GALA,UPD,UNDI,RPCA,PUA,MRM,DUSI,KUMU"
16657,GOLCONDA EXP,IPM,RLL,501.0,8,"IPM,MPT,KRYP,APT,BEY,PSLP,BGHU,RLL"
23620,GODAVARI EXPRES,ANE,GDE,772.0,16,"ANE,TNR,CGI,KUMU,BVM,PAVP,SUP,NWP,PGRL,TMB,CEL,ASP,KRAP,DGDG,TSR,GDE"
28857,GODAVARI EXPRES,PKD,TIM,685.0,14,"PKD,GTL,REM,MKR,MTM,TSR,PNM,KVLS,NRE,PVP,YADA,GRBL,KCM,TIM"
12709,GDR-SC SIMHA,GDR,SC,651.0,17,"GDR,VDE,NLR,BTTR,KVZ,SKM,OGL,CLX,BPP,TEL,BZA,MDR,KMT,MABD,WL,KZJ,SC"
21111,VISAKHA EXPRESS,BPY,PAVP,494.0,12,"BPY,NRE,PUT,LKDU,JPI,SGKM,VSKP,BLPE,KVDU,SNM,RCA,PAVP"
12828,PRR HWH EXPR,PRR,HWH,323.0,15,"PRR,ANR,ADRA,JPH,BQA,ODM,VSU,GBA,CDGR,SLB,MDN,GMDN,KGP,SRC,HWH"
13226,RJPB-JYG INT,RJPB,JYG,264.0,20,"RJPB,PNC,FUT,BKP,BARH,MKA,BJU,BCA,DSS,SPJ,RBZ,HYT,LSI,DBG,SKI,PDW,MBI,RJA,KJI,JYG"
15153,RAYALASEEMA EXP,OGL,GPJ,682.0,16,"OGL,KYM,PYX,VNM,GDE,CPL,PRCA,RAM,LIN,BTTR,VLE,IDP,BUM,NDD,EDD,GPJ"
16798,TIRUMALA EXP,SSPN,BTVA,940.0,17,"SSPN,BDVR,VKN,MBD,GMA,BEY,YA,HNMN,GVN,SCM,KKLR,LKDU,BLL,PKO,PAV,VGH,BTVA"
15904,CDG-DBRG EXP,CDG,DBRG,2640.0,35,"CDG,UMB,SRE,MB,BE,LKO,GD,GKP,DEOS,SV,CPR,SEE,HJP,MFP,SPJ,BJU,KGG,NNA,KIR,KNE,NJP,NCB,NOQ,KOJ,NBQ,RNY,GHY,LMG,DPU,DMV,FKG,MXN,SLGR,NTSK,DBRG"
27960,SESHADRI EXP,NCE,KNLP,309.0,10,"NCE,GLP,GJJ,RU,KDUH,RAL,GDE,SJMA,CLX,KNLP"
24555,CIRCAR EXPRESS,RAL,MIPM,410.0,9,"RAL,ANE,VDI,VGT,MNPT,GDR,ULM,PDU,MIPM"
27731,AMARAVATI EXP,SLO,KVZ,287.0,8,"SLO,RAL,MLGT,SJMA,TEL,PUN,SAP,KVZ"
18833,FALAKNUMA EXP,CTPR,JUR,855.0,16,"CTPR,PKD,MYL,PNM,CPL,CKV,BLPE,SUP,VJA,PVPT,JKO,CU,EKM,OBVP,NRR,JUR"
12778,KCVL- UBL EX,KCVL,UBL,1297.0,22,"KCVL,QLN,CNGR,TRVL,KTYM,ERN,TCR,PGT,PTJ,TUP,ED,SA,BWT,YPR,TK,ASK,RRB,DVG,HRR,RNR,HVR,UBL"
26653,PINAKINI EXP,RGM,PKPU,448.0,9,"RGM,RLG,KPL,MVP,IPPM,PUN,BVM,NWP,PKPU"
25780,RAYALASEEMA EXP,UNDI,PSLP,808.0,15,"UNDI,SCMN,APT,RAM,TPTY,BDPL,PTT,BUM,REG,BVRT,GDV,DIG,NBM,YA,PSLP"
29278,GOLCONDA EXP,KTCR,MBL,344.0,8,"KTCR,MDVL,VSKP,MDKU,KEF,YADA,HAQ,MBL"
22224,CIRCAR EXPRESS,CEM,NRP,827.0,16,"CEM,KNRT,STVA,PAP,PKO,DPD,KKLR,MMS,EDD,MAR,GNT,KLX,MKJ,MPU,SYM,NRP"
28318,GARIB RATH,TKBN,NYP,512.0,11,"TKBN,CJM,VZM,TIU,VGT,NDM,BNL,PVP,BSPL,KDT,NYP"
20429,INTERCITY EXP,MPL,SVPM,786.0,17,"MPL,GDR,MKJ,GY,VLE,YPD,TMLU,KTCR,KLU,HUP,KVR,KHT,GVMH,KBM,RJP,ARKV,SVPM"
23222,SESHADRI EXP,GPJ,MTM,836.0,17,"GPJ,PYA,PIL,SCMN,CU,DPD,GID,RRJ,SUPP,CLU,VDI,GTL,GNT,BMD,GVMH,TNR,MTM"
29792,VIKRAMASIMHAPURI,THY,KDUH,456.0,10,"THY,GVMH,KOVH,TNKU,MUK,NZD,NLS,ESV,SDV,KDUH"
20924,KRISHNA EXPRESS,MALM,KPLH,664.0,11,"MALM,MRK,SJMA,CLU,MAG,MUM,KDUH,MDKU,MBD,NML,KPLH"
27089,FALAKNUMA EXP,PDGL,KBM,636.0,11,"PDGL,GVA,TKPY,GDR,CGI,SGKM,TDK,RU,CCI,GMDA,KBM"
12628,NDLS-SBC KAR,NDLS,SBC,2389.0,35,"NDLS,MTJ,AGC,GWL,JHS,BINA,BPL,ET,KNW,BAU,BSL,JL,MMR,KPG,BAP,ANG,DD,KWV,SUR,GR,WADI,YG,RC,MALM,AD,GTL,GY,ATP,DMM,SSPN,PKD,HUP,YNK,BNC,SBC"
22613,MAS-HLZ WEEK,MAS,HLZ,1661.0,15,"MAS,OGL,BZA,RJY,VSKP,VZM,BAM,KUR,BBS,CTC,JJKR,KGP,PKU,TMZ,HLZ"
12873,HTE-ANVT EXP,HTE,ANVT,1322.0,21,"HTE,RNC,MURI,RMT,BRKA,PTRU,KLRE,TORI,LTHR,BRWD,DTO,GHD,GHQ,NUQ,RNQ,CPU,RBGJ,CAR,ALD,CNB,ANVT"
14265,BSB DDN EXP,BSB,DDN,845.0,49,"BSB,SWPR,PRF,BOY,MOF,SAW,JNH,BSE,GRX,DND,PBH,CIL,ANTU,MFL,AME,GNG,JAIS,FTG,RBL,HCP,BCN,LKO,AMG,MLD,SAN,BLM,BGH,HRI,AJI,ROZA,SPN,BE,RMU,MB,KNT,SEO,DPR,NGG,NBD,CNK,BLW,RSI,LRJ,ATMO,JWP,HW,RWL,DWO,DDN"
12060,KOTA JANSHTB,NZM,KOTA,450.0,10,"NZM,BVH,MTJ,BTE,BXN,HAN,SMBJ,GGC,SWM,KOTA"
25529,GOLCONDA EXP,SPT,PUA,640.0,12,"SPT,RLL,VPL,VDI,CPL,IPM,VLD,VGA,NBR,NZD,TKU,PUA"
17974,VISAKHA EXPRESS,VDE,MALM,491.0,11,"VDE,REM,COA,BKPT,PUMU,PAK,EKM,BVO,NDL,PLVA,MALM"
24045,GNT NS EXP,PEL,VMD,767.0,13,"PEL,OTR,BPP,PDKN,IDP,JPI,SVF,KCM,VKT,TGL,SUDV,RMZ,VMD"
23407,VIKRAMASIMHAPURI,MTM,TPW,780.0,14,"MTM,NCU,MMPL,KSTE,MALM,PKPU,CBM,RLO,KRAP,GWM,VKI,NASP,RDG,TPW"
12784,SC-VSKP AC W,SC,VSKP,708.0,15,"SC,MLY,KZJ,WL,KMT,BZA,EE,TDD,RJY,SLO,ANV,TUNI,AKP,DVD,VSKP"
25026,GNT NS EXP,MKJ,BVL,497.0,11,"MKJ,RVD,SIE,GLP,CPL,KKLR,PAVP,GVN,VPL,JAQ,BVL"
25769,GARIB RATH,KPN,NMLU,686.0,12,"KPN,PUN,IPM,MAR,SRPM,PNM,NLR,PDT,PUT,GDR,AVLI,NMLU"
15700,JANMABHOOMI EXP,HVM,NDO,616.0,12,"HVM,CLX,PDU,YLM,UNDI,PKPU,ESV,NS,SLO,NRP,TAT,NDO"
23564,VIKRAMASIMHAPURI,KI,TUNI,899.0,17,"KI,EKM,PPM,DKSA,PDGL,BVL,YA,MALM,NLA,RCG,RDG,TMB,SDM,GGNP,KCM,JKO,TUNI"
21077,RAYALASEEMA EXP,MBD,IPM,975.0,15,"MBD,DKSA,TMLU,LMD,SPE,BGNP,SGKM,HNMN,DPD,MIPM,NLR,VKN,YADA,REG,IPM"
21066,GNT NS EXP,UPD,MALM,335.0,7,"UPD,DNV,PGRL,COA,UPL,VTM,MALM"
16638,FALAKNUMA EXP,DHNE,KSK,873.0,16,"DHNE,SUPP,KLKA,AKAT,GMA,BQU,CKV,TSR,PKD,RAM,TAC,RBCS,KPLL,TKU,SF,KSK"
22394,SIMHADRI EXP,JKO,PRDT,884.0,15,"JKO,KOU,GPDE,MMPL,NMLU,HVM,TAC,GLU,ALAT,NUJ,RPL,MOO,VML,DMM,PRDT"
27197,PINAKINI EXP,JBK,BNL,653.0,16,"JBK,MGPR,TAT,KAQ,BMH,VKZ,PRCA,DKD,VDI,VDD,GDE,VLV,HNMN,BUM,CCA,BNL"
23427,TIRUMALA EXP,SCMN,SCM,385.0,7,"SCMN,MGPR,SAB,PNM,NMLU,KDP,SCM"
20127,VISAKHA EXPRESS,TEK,VKN,866.0,15,"TEK,TGL,CEM,TOU,RU,CCA,BNL,SRPM,KLU,KMX,ARK,BAV,CCT,HCM,VKN"
21456,RATNACHAL EXP,BVM,DNV,363.0,7,"BVM,MCVM,IPM,CBM,PGDI,KLDI,DNV"
19713,JP SC EXP,JP,SC,1726.0,31,"JP,DPA,BNLW,SWM,KOTA,RMA,NAD,UJN,BCH,SJP,SEH,BPL,HBJ,ET,BZU,AMLA,NRKR,CNDB,NAVI,BD,MZR,AK,WHM,HNL,PAU,NED,MUE,NZB,KMC,MED,SC"
28607,PRASHANTI EXP,NML,KMQA,540.0,11,"NML,KI,DGB,TUNI,MTM,PVP,KRNT,JKO,KYND,KVZ,KMQA"
21180,TIRUMALA EXP,TCNR,BTTR,467.0,9,"TCNR,NRP,VMD,SCM,NGNT,NMLU,MIPM,MDKU,BTTR"
22752,TUNGABHADRA EXP,RLG,DUU,734.0,14,"RLG,VLE,NLR,KTCR,RRJ,MCLE,TMLU,AXR,KRV,SUP,BDPL,KSK,MGV,DUU"
13209,RATNACHAL EXP,RML,KMX,529.0,13,"RML,VSKP,BDVR,TEL,VVM,BGNP,TAT,VPL,DUU,NBM,JAQ,DCU,KMX"
25601,INTERCITY EXP,PAV,REM,833.0,15,"PAV,PKO,VVM,DMT,NBR,BGNP,CTO,GVMH,TKU,MAG,CEL,JBK,PTT,LMD,REM"
29665,TUNGABHADRA EXP,KNLP,BDPL,752.0,14,"KNLP,SAB,POA,TMPM,DIG,PMT,SUDV,TTU,SJMA,PAGM,PPM,BPP,POO,BDPL"
22442,CNB-ALD-INTE,CNB,ALD,194.0,9,"CNB,SSL,AUNG,BKO,FTP,KGA,SRO,BRE,ALD"
20024,TIRUMALA EXP,MRM,NDL,558.0,8,"MRM,MMPL,GPI,JMDG,UPL,ULM,MUK,NDL"
26773,GODAVARI EXPRES,BLL,MMS,403.0,8,"BLL,RPL,NSPH,KO,RAL,VKN,MRM,MMS"
17436,GNT NS EXP,GPJ,BVRM,827.0,13,"GPJ,SUPP,POA,RAL,MPU,NBM,AKP,NRP,NBR,VBL,KRNT,RCG,BVRM"
28304,VIKRAMASIMHAPURI,BVM,TDD,979.0,17,"BVM,PUDI,KVDU,MAG,TMC,KRAP,VNM,ALM,DKSA,GMDA,ODUR,PRDT,MGB,POA,KSTE,JKO,TDD"
21289,VANDE BHARAT,PDGL,GUK,661.0,13,"PDGL,CCT,SLM,THY,SPF,KCC,MYL,CEM,CLX,SRPM,NDKD,NML,GUK"
21274,VIKRAMASIMHAPURI,MLU,DEL,758.0,13,"MLU,VH,VKN,KBM,RJY,PLU,PDL,AKAH,SNM,MBD,RYP,KI,DEL"
25268,GOLCONDA EXP,PVP,VTM,924.0,16,"PVP,VNM,KOVH,RJY,EE,KEF,NLA,PAV,UPD,BTTR,RJP,MDPD,KSK,OBM,TKBN,VTM"
20503,KRISHNA EXPRESS,PUN,PLU,956.0,16,"PUN,JAQ,MRM,AKVD,HVM,CMZ,MLU,GVA,KVLS,PSLP,CTO,PVD,BVM,CU,DWP,PLU"
27914,INTERCITY EXP,JKO,GNN,575.0,10,"JKO,MLK,GMA,BTTR,NMLU,POA,RCG,BBPM,UGD,GNN"
25985,KRISHNA EXPRESS,OGL,RLG,663.0,13,"OGL,TEL,HX,PUN,COA,SGDM,KCI,TMPM,ALM,MCU,NCU,ODUR,RLG"
13565,TUNGABHADRA EXP,NKDO,KCI,451.0,9,"NKDO,VNM,LIN,VLE,NOSM,NBM,BMD,NDD,KCI"
29842,JANMABHOOMI EXP,APT,PDL,430.0,8,"APT,OGL,BSPL,PDU,KVR,NRT,RPL,PDL"
13571,GNT NS EXP,CMZ,TADA,634.0,15,"CMZ,HX,LMD,HCM,KVM,KPU,TOU,SGDM,APT,DHNE,GLP,GDR,PYX,TLU,TADA"
21358,TUNGABHADRA EXP,SPF,BGNP,812.0,15,"SPF,JMDG,RMZ,KDUH,GPDE,NRE,GNN,GLU,PUDI,PUA,NBR,ALAT,BEY,SAP,BGNP"
16411,GODAVARI EXPRES,VML,PAVP,721.0,14,"VML,COA,TPW,ZPI,KPLL,CCT,BAV,VNM,MYL,SLM,PDT,DVD,RYP,PAVP"
18312,BSB-SBP BI-W,BSB,SBP,893.0,37,"BSB,KEI,MGS,KMS,DGO,BBU,KTQ,SSM,DOS,SEB,ANH,NBG,KYF,JPL,HDN,MDJ,URD,GHD,DTO,BRWD,LTHR,TORI,KLRE,PTRU,BRKA,RMT,MURI,RNC,HTE,PKF,BANO,NXN,ROU,GP,JSG,RGL,SBP"
16622,PRASHANTI EXP,SJMA,BBPM,1127.0,17,"SJMA,GLU,NMLU,TU,VTM,RLL,MKJ,SUP,LIN,TNKU,SRPM,DUSI,MMPL,SVPM,AKAH,YLK,BBPM"
25467,RAYALASEEMA EXP,PAGM,PSA,969.0,16,"PAGM,GVN,VGH,KRYP,TADA,MOO,PSPY,PKD,PDMI,PVPT,KO,JAQ,POA,SPE,PEL,PSA"
13456,FALAKNUMA EXP,KBM,BEY,744.0,15,"KBM,BMGM,KDT,UPD,VH,KVM,CLX,NGM,DKSA,UNDI,NS,PEL,CMZ,PRDT,BEY"
29412,PRASHANTI EXP,TU,RRJ,452.0,12,"TU,PMD,MTM,YLM,KPN,GGNP,MGPR,DGDG,TIM,HAQ,TTU,RRJ"
16472,TIRUMALA EXP,GVMH,KNRT,472.0,14,"GVMH,RYP,TPW,KLDI,OTR,VRVL,SDV,MPU,KKM,BUM,VNM,NUJ,NYP,KNRT"
20640,SESHADRI EXP,KVM,NGNT,614.0,11,"KVM,DPD,GLU,RAL,GNT,PUMU,UNDI,RAM,VLV,RLG,NGNT"
27252,SESHADRI EXP,APL,KOVH,328.0,8,"APL,GPDE,MMS,DNV,BVL,CTPR,PVPT,KOVH"
12867,HWH-PDY WEEK,HWH,PDY,1922.0,17,"HWH,KGP,BLS,BBS,KUR,VZM,VSKP,DVD,RJY,BZA,NLR,RU,TPTY,KPD,VLR,VM,PDY"
17517,MEMU SPECIAL,MDUN,ANV,841.0,16,"MDUN,TMPM,VMU,TOU,KPL,ARKV,TLU,RBCS,MLK,VTM,BGHU,EKM,MVP,TKBN,CTPR,ANV"
15417,APDJ-SHTT RA,APDJ,SHTT,589.0,26,"APDJ,APD,NCB,TFGN,BXHT,AGMN,GUP,DBB,GKJ,BSI,TPK,SPX,FKM,KOJ,NBQ,JPZ,GLPT,KYQ,GHY,JID,CPK,SCE,NGAN,AONI,JKB,SHTT"
19926,SIMHADRI EXP,VDD,PAVP,723.0,12,"VDD,HCM,SIE,OGL,PTT,PKPU,TNKU,TMPM,PEL,CMDP,PSPY,PAVP"
14130,SIMHADRI EXP,SCM,PVPT,697.0,14,"SCM,PVP,RLO,MLGT,KMQA,BGNP,CLX,AVLI,KPLL,TKPY,TDK,MAR,PCL,PVPT"
22746,RAYALASEEMA EXP,PDT,ALM,940.0,16,"PDT,PMT,VAT,GNN,PDGL,ATP,KHT,MKJ,MDKU,RLO,PAP,KOU,NDKD,KYND,NBR,ALM"
27583,VANDE BHARAT,KUK,TEK,416.0,9,"KUK,VPU,MMS,TU,PVP,MPL,KDT,PSPY,TEK"
23368,NARAYANADRI EXP,VLD,AXR,551.0,9,"VLD,PNM,KMQA,KUK,DEL,BPY,KTV,TMPM,AXR"
13587,TUNGABHADRA EXP,YA,GDV,814.0,16,"YA,AKVD,BTTR,NWP,DWP,PDMI,TKU,KPN,RAM,VKT,GVI,MDPD,RPL,PKO,DCU,GDV"
18778,NARAYANADRI EXP,SNKG,SGKM,535.0,11,"SNKG,ALM,VGH,KVDU,AKU,MUM,SUPP,RDG,VTM,SAP,SGKM"
22108,INTERCITY EXP,DNV,KMH,828.0,17,"DNV,KJJ,TDD,BLL,VSKP,BDVR,KCD,RU,SLO,KLU,PLVA,CPP,RRJ,ASP,MMS,MKR,KMH"
24391,VANDE BHARAT,KMX,KTCR,483.0,9,"KMX,MRM,GMDA,VBL,TUNI,VSKP,YLK,KJJ,KTCR"
17601,MEMU SPECIAL,UNDI,NSPH,442.0,8,"UNDI,SPT,BTVA,PDSN,BVM,BGHU,AKU,NSPH"
25981,JANMABHOOMI EXP,JBK,THY,520.0,8,"JBK,VND,PDKN,TOU,PAP,GVA,MDVL,THY"
20214,PINAKINI EXP,PRCA,KJJ,771.0,13,"PRCA,GTLM,JAQ,BTVA,NWP,VND,NASP,MADU,HNMN,SLO,NMLU,TTU,KJJ"
29833,SEVEN HILLS EXP,GDR,NUJ,635.0,12,"GDR,TIU,MBL,SGDM,KVZ,ZPL,TMB,CHE,GGNP,JBK,CTO,NUJ"
29622,NARAYANADRI EXP,UPD,NOSM,420.0,10,"UPD,SVF,SUP,BTTR,MDKU,CMDP,NRT,LVK,TMLU,NOSM"
22473,BKN BDTS SF,BKN,BDTS,1211.0,23,"BKN,NOK,NGO,MTD,JU,LUNI,PMY,MJ,ABR,PNU,SID,UJA,MSH,ADI,ND,ANND,BRC,BH,ST,NVS,BL,BVI,BDTS"
29373,RAYALASEEMA EXP,PAM,PIL,629.0,11,"PAM,NRT,NRE,JMDG,AKVD,VKN,NLR,NCU,NASP,VSKP,PIL"
22086,PINAKINI EXP,ANE,PIL,560.0,10,"ANE,PGDI,TUNI,GGNP,HUP,REG,DWP,CCA,HNMN,PIL"
22278,PINAKINI EXP,TEK,CCI,431.0,8,"TEK,KAQ,VKI,NGNT,OBM,VH,OBVP,CCI"
14744,VISAKHA EXPRESS,JUR,KVM,272.0,9,"JUR,GMDA,IPM,MDVL,TGL,KDP,MGV,GMA,KVM"
25801,AMARAVATI EXP,KDUH,APL,797.0,16,"KDUH,VKI,SJL,MKJ,CLPE,RJY,TLU,MGPR,YPD,TU,TDK,YLK,GNT,DUSI,ALM,APL"
28736,JANMABHOOMI EXP,OBVP,IPM,586.0,12,"OBVP,KNRT,KMX,NLPD,RCA,KOU,PVP,SUP,DKSA,SPF,MRK,IPM"
29334,CIRCAR EXPRESS,PGDI,SLO,554.0,10,"PGDI,DHNE,VZM,KOU,VLV,MCU,ALAT,GWM,KVR,SLO"
20544,PINAKINI EXP,VMD,PMD,457.0,9,"VMD,BBPM,NSPH,NBR,MYL,CLU,BAV,MLU,PMD"
25398,AMARAVATI EXP,BVRT,BLL,628.0,14,"BVRT,VPU,UGD,PSLP,VGA,CEM,BPP,BTTR,YA,SAB,SIE,CMDP,LVK,BLL"
20756,VANDE BHARAT,KTV,PYX,796.0,13,"KTV,PGDI,DWP,UPD,ANB,VLV,KGL,PHM,GNT,DGB,KPL,KDUH,PYX"
24816,VISAKHA EXPRESS,CIV,SSPN,714.0,14,"CIV,PUT,MAG,MPL,GGNP,PKO,EKM,CKV,GPDE,VKI,TIU,SDM,VTM,SSPN"
12723,TELANGANA EX,HYB,NDLS,1669.0,18,"HYB,SC,KZJ,RDM,MCI,BPA,SKZR,BPQ,CD,NGP,BPL,JHS,GWL,AGC,MTJ,BVH,NZM,NDLS"
18415,BBN-PURI INT,BBN,PURI,396.0,30,"BBN,BJMD,NOMD,DPS,DJHR,MMVR,BSPX,JRLI,NYG,PRNR,GADH,KDJR,NANR,BSTP,STBJ,NKW,HCNR,CLDR,SGDP,TGRL,TMKA,BGPL,SKND,JKPR,CTC,BBS,KUR,DEG,SIL,PURI"
29471,RAYALASEEMA EXP,BVRM,STVA,873.0,15,"BVRM,GZL,VAT,PSA,PDMI,VSKP,UNDI,NOSM,PAM,RAM,RMZ,MDUN,MLGT,ZPI,STVA"
19810,GOLCONDA EXP,CIV,BBPM,900.0,14,"CIV,DUU,TMLU,NLR,NBM,RLG,PKPU,VLV,VDE,PVP,BPP,CHE,PSA,BBPM"
19309,GNC INDORE E,GNC,INDB,563.0,19,"GNC,KHDB,CLDY,SBT,ADI,MHD,ND,ANND,BRC,DRL,GDA,DHD,MGN,RTM,KUH,NAD,UJN,DWX,INDB"
12575,CIRCAR EXPRESS,GY,KCI,859.0,16,"GY,KCD,MLGT,SJMA,ATP,AL,RLO,GPI,NDO,MMPL,CBM,RPRL,BVM,PSPY,POA,KCI"
24518,VANDE BHARAT,JAQ,KO,606.0,11,"JAQ,PAP,GVA,PVD,NLS,RPRL,IPM,KPLL,GVN,ESV,KO"
14238,RATNACHAL EXP,BBPM,ESV,998.0,17,"BBPM,KLU,STVA,BZA,CTPR,PSDA,PHM,RGM,KVDU,HX,NGM,YGD,MKJ,BVRM,ANE,DWP,ESV"
25898,GNT NS EXP,RPL,GDP,479.0,12,"RPL,GRBL,HX,PLU,CLVR,VH,KOU,KKLR,NRR,NBR,NRYP,GDP"
24471,TUNGABHADRA EXP,PEL,KRY,417.0,8,"PEL,VVM,BGHU,CKV,DCU,ULM,SGDM,KRY"
13835,SESHADRI EXP,SKM,KKLR,282.0,7,"SKM,GLP,OBVP,ANE,PKPU,JUR,KKLR"
27414,SIMHADRI EXP,VLV,TNRU,658.0,13,"VLV,NBM,PVP,UPD,TMLU,MLK,UGD,VJA,TU,AKVD,PUMU,BLL,TNRU"
17615,KCG-MDU EXP,KCG,MDU,1283.0,23,"KCG,MBNR,GWD,KRNT,DHNE,ATP,DMM,KRY,MPL,PIL,PAK,CTO,KPD,AB,VN,JTJ,SA,ED,KRR,TPJ,DG,KQN,MDU"
25899,CHARMINAR EXP,LIN,MNPT,963.0,17,"LIN,BTVA,UPD,GALA,VZM,KUK,PMD,RAL,DMM,KVM,EKM,KLDI,TLU,UNDI,MRK,VPU,MNPT"
18311,SBP-BSB BI-W,SBP,BSB,890.0,37,"SBP,RGL,JSG,GP,ROU,NXN,BANO,PKF,HTE,RNC,MURI,RMT,BRKA,PTRU,KLRE,TORI,LTHR,BRWD,DTO,GHD,URD,MDJ,HDN,JPL,KYF,NBG,ANH,SEB,DOS,SSM,KTQ,BBU,DGO,KMS,MGS,KEI,BSB"
19771,PINAKINI EXP,PHM,SAP,368.0,8,"PHM,VGA,PMD,KAQ,DMM,RYP,BVRT,SAP"
15085,NARAYANADRI EXP,JKO,CPL,909.0,15,"JKO,NKDO,VSKP,APL,MCLA,SKM,PMD,CCA,PMT,VGH,GVMH,MBD,BMH,PSDA,CPL"
19641,TUNGABHADRA EXP,DWP,NRE,631.0,10,"DWP,PUDI,KRAP,VDI,CKV,PAP,JUR,KOLA,ODUR,NRE"
23149,VISAKHA EXPRESS,KPU,BEY,706.0,13,"KPU,SGKM,CPP,RMV,MYL,KNLP,IDP,AL,KI,RBCS,PUT,GDR,BEY"
20326,GARIB RATH,KVR,RPCA,744.0,15,"KVR,RLG,AXR,TU,KCI,PDU,TNRU,RAL,RCG,MADU,JUR,NCU,VMD,NSPH,RPCA"
17162,TUNGABHADRA EXP,UPD,SJMA,513.0,10,"UPD,TSR,SNM,TOU,SGDM,MKR,IPM,SCM,VNM,SJMA"
25882,SESHADRI EXP,REG,VML,771.0,15,"REG,PDL,TEK,TEL,VTM,TKBN,GVL,APT,MVP,KEF,VPU,PVD,CGI,TIM,VML"
14583,GOLCONDA EXP,KAQ,VZM,413.0,8,"KAQ,PMT,BTVA,CBM,PUDI,KRNT,KOVH,VZM"
20437,INTERCITY EXP,PSA,BNL,815.0,16,"PSA,TAT,RAM,KOU,BMD,UKD,BVRT,BGNP,OGL,MDKU,NG,DKD,YADA,BZA,MLGT,BNL"
13888,NARAYANADRI EXP,PKO,KRNT,533.0,9,"PKO,JBK,NRT,MPL,PCL,PLVA,GNN,TDD,KRNT"
23133,CIRCAR EXPRESS,KNRT,HVM,852.0,16,"KNRT,KNLP,TNKU,NBM,SDV,PAM,UPD,CBM,NCU,BQU,PDL,KCD,PAGM,AL,HNMN,HVM"
18584,RAYALASEEMA EXP,NDL,KPLL,616.0,13,"NDL,CVV,PSA,CCI,MBL,SPT,MPL,TAC,SMLG,KMX,BPY,LIN,KPLL"
12790,VISAKHA EXPRESS,ANB,NKDO,829.0,15,"ANB,GWM,DMM,GTL,CPP,GPJ,MALM,SUP,GVMH,PMT,CCT,KGL,PMD,KCC,NKDO"
13420,JANSEWA EXPR,MFP,BGP,239.0,18,"MFP,DOL,KRBP,SPJ,DSS,BCA,BJU,BRYA,LKR,KIUL,KJH,AHA,DRH,JMP,BUP,SGG,AKN,BGP"
20143,GNT NS EXP,VDI,RAM,541.0,11,"VDI,PAV,PDT,TNRU,NWP,SUDV,BZA,STUR,CLPE,TAC,RAM"
26895,CIRCAR EXPRESS,RAM,NDO,664.0,13,"RAM,SUPP,NGNT,PSA,NBR,MDPD,NBM,VDD,PRH,MLU,MVP,TAC,NDO"
27065,VISAKHA EXPRESS,RJY,BVM,538.0,12,"RJY,RCA,NCU,NMLU,GNN,MUK,SLM,PDT,RDG,TU,DKSA,BVM"
18693,SIMHADRI EXP,SDV,VH,993.0,17,"SDV,VBL,NDD,VMD,GVMH,SYM,GWM,TPTY,MUM,DWP,TGL,KBA,PRH,UNDI,BLL,CEL,VH"
21776,INTERCITY EXP,LMD,NRR,710.0,15,"LMD,NDZ,DKSA,MAR,PAK,RLO,GPDE,NRYP,BSPL,VDE,KRYP,KPLH,PMT,ANB,NRR"
23527,CHARMINAR EXP,ARKV,DMM,508.0,9,"ARKV,AKU,SF,RRJ,KKLR,SJL,KCM,APT,DMM"
13609,PINAKINI EXP,MBD,KDUH,779.0,12,"MBD,GKM,NBR,RU,PCL,KVM,PAM,SNM,SVF,DMM,PUMU,KDUH"
19897,VIKRAMASIMHAPURI,TU,KVR,754.0,15,"TU,KAQ,NWP,BPP,MMPL,PGRL,TPW,VLE,PDU,GUK,VDE,KTCR,NASP,VDI,KVR"
20598,SESHADRI EXP,KVM,KOVH,589.0,12,"KVM,TGL,MCLA,NRR,UKD,RJY,TAC,LKSH,BSPL,SGKM,TUNI,KOVH"
26200,FALAKNUMA EXP,PRH,ALM,896.0,17,"PRH,ANE,RPL,PYA,KLKA,PAVP,NRP,VNM,VKZ,ZPI,PVP,GALA,VPL,CCT,CVV,CMZ,ALM"
15893,GARIB RATH,RLL,SUPP,720.0,12,"RLL,ARKV,KYND,VLD,NBM,CCA,DVR,GID,RYP,MVW,PYX,SUPP"
22030,SIMHADRI EXP,GVMH,RJP,517.0,10,"GVMH,AKU,PVP,KMQA,NKDO,NMLU,PCU,GUK,GTL,RJP"
18946,MEMU SPECIAL,AD,CCI,619.0,12,"AD,AVLI,LKDU,BBPM,PCU,DVR,TGL,NDD,AKU,TLU,YPD,CCI"
24192,JANMABHOOMI EXP,SLO,NSX,905.0,17,"SLO,KPLH,AKVD,DGDG,VPU,PAV,RMV,ANV,PUA,EDD,RAL,MVP,NBR,GJJ,MALM,NDM,NSX"
22644,PNBE ERS EXP,PNBE,ERS,2782.0,42,"PNBE,PNC,BKP,MKA,KIUL,JAJ,JSME,MDP,CRJ,ASN,BURN,ADRA,BQA,VSU,MDN,HIJ,JER,BLS,BHC,JJKR,CTC,BBS,KUR,BALU,BAM,PSA,CHE,VZM,VSKP,RJY,BZA,MAS,KPD,JTJ,SA,ED,TUP,CBE,PGT,TCR,AWY,ERS"
12069,RIG - G JANS,RIG,G,419.0,15,"RIG,KHS,SKT,BUA,CPH,NIA,AKT,BSP,BYT,TLD,R,DURG,RJN,DGG,G"
26238,VISAKHA EXPRESS,UNDI,CCI,458.0,9,"UNDI,SDV,CLU,SLO,KOU,NDPU,PUDI,DWP,CCI"
29604,SIMHADRI EXP,SGDM,SUP,532.0,10,"SGDM,AL,POA,GGNP,KPN,RGM,KCI,TGU,VMU,SUP"
27458,MEMU SPECIAL,GDV,SALR,649.0,13,"GDV,NKDO,KOVH,NGM,NLA,MVP,DPD,GKM,NDM,YPD,GRBL,CVV,SALR"
27103,GODAVARI EXPRES,TTU,MLGT,773.0,14,"TTU,IDP,CCT,KHT,VKT,GPJ,JUR,VDE,VKZ,NOSM,BPY,SSPN,PRDT,MLGT"
22461,SHRI SHAKTI,NDLS,SVDK,654.0,8,"NDLS,UMB,LDH,JRC,PTKC,JAT,UHP,SVDK"
18416,PURI-BBN INT,PURI,BBN,396.0,30,"PURI,SIL,DEG,KUR,BBS,CTC,JKPR,SKND,BGPL,TMKA,TGRL,SGDP,CLDR,HCNR,NKW,STBJ,BSTP,NANR,KDJR,GADH,PRNR,NYG,JRLI,BSPX,MMVR,DJHR,DPS,NOMD,BJMD,BBN"
25302,JANMABHOOMI EXP,TEK,PDGL,824.0,15,"TEK,PEL,SKM,UGD,NG,ESV,VJA,TIM,SALR,NKDO,BUM,GMA,DHNE,DUU,PDGL"
25220,PRASHANTI EXP,KRYP,TLU,856.0,15,"KRYP,BVM,KKM,NRYP,GPDE,PUT,ARK,PAGM,ANV,KCC,PUN,SLM,GPI,TADA,TLU"
12180,INTERCITY,AGC,LJN,323.0,14,"AGC,RKM,TDL,FZD,SKB,ETW,BNT,PHD,JJK,RURA,PNK,CNB,ON,LJN"
16976,SIMHADRI EXP,RLL,ZPI,541.0,11,"RLL,SRPM,DHNE,AKU,VRVL,GNN,KCI,NRP,SNM,BGHU,ZPI"
27315,SEVEN HILLS EXP,SJMA,AXR,432.0,9,"SJMA,VRVL,UPD,GTLM,KPLL,KCI,GMA,VDE,AXR"
26685,GODAVARI EXPRES,RJP,KDT,696.0,11,"RJP,IPM,KJJ,PKPU,PAVP,KPL,PDKN,CMDP,HNMN,GLP,KDT"
13409,MLDT-JMP INT,MLDT,JMP,231.0,17,"MLDT,NFK,BHW,TPH,SBG,MZC,PPT,SVRP,CLG,EKC,GGA,SBO,BGP,AKN,SGG,BUP,JMP"
21424,PINAKINI EXP,HX,NCE,397.0,7,"HX,GVMH,GGNP,TIU,RCG,TEL,NCE"
15482,VIKRAMASIMHAPURI,KEF,HCM,483.0,10,"KEF,APT,UNDI,NRR,KOVH,ODUR,CBM,SAP,RMV,HCM"
23489,GNT NS EXP,GTLM,TMPM,433.0,7,"GTLM,TADA,VML,BGNP,MAR,VKZ,TMPM"
28286,GNT NS EXP,SF,AKP,275.0,7,"SF,KTV,GPI,NDPU,NKDO,KOU,AKP"
18915,CHARMINAR EXP,VTM,ANE,952.0,16,"VTM,VNM,NSPH,THY,MNPT,KRY,MVP,SYM,CLX,MCLA,PDU,CMDP,GZL,EKM,DVD,ANE"
12352,DANAPUR EXP,RJPB,HWH,529.0,23,"RJPB,PNC,FUT,KOO,BKP,BARH,MKA,HTZ,BRYA,LKR,KIUL,BSQP,MNP,JMU,JAJ,JSME,MDP,CRJ,ASN,RNG,DGR,BWN,HWH"
17151,VIKRAMASIMHAPURI,MADU,ARKV,763.0,16,"MADU,ANB,NRYP,RBCS,SDM,VNM,MUM,PUN,DMM,GJJ,TDD,TGL,MCVM,KDT,GDV,ARKV"
19742,PINAKINI EXP,MRK,PKPU,421.0,8,"MRK,KVR,TKU,AVLI,DPD,PAVP,DCU,PKPU"
19172,CIRCAR EXPRESS,OGL,KCM,467.0,10,"OGL,VRVL,GMDA,VGH,BVRM,HX,VLD,HVM,TDD,KCM"
26242,SIMHADRI EXP,ZPL,SKM,323.0,7,"ZPL,BEY,GTL,DCU,ALAT,VDD,SKM"
28524,RAYALASEEMA EXP,PSDA,CPL,590.0,11,"PSDA,MOO,PSA,KDUH,SGDM,KSK,PDMI,PGRL,GPJ,MGV,CPL"
15690,CIRCAR EXPRESS,KGL,BAV,762.0,14,"KGL,MVP,SF,SJL,DNV,HX,CTO,AKU,MOO,NDPU,IDP,TSR,SYM,BAV"
13246,RJPB-NJP CAP,RJPB,NJP,485.0,35,"RJPB,PNC,BKG,FUT,KOO,BKP,BARH,MKA,HTZU,RJO,DKGS,GHX,BJU,BGS,LKN,KGG,MNE,MSK,NNR,THB,NNA,KTRH,KUE,CRR,SMO,KIR,LAV,KWE,AZR,BOE,SUD,TETA,DLK,KNE,NJP"
28221,CHARMINAR EXP,VKN,SUP,442.0,10,"VKN,RGM,OGL,PCL,STVA,NGJA,DUU,CEM,KTCR,SUP"
13374,RAYALASEEMA EXP,CLPE,VPL,782.0,14,"CLPE,YLM,PTT,AKP,CEM,AL,CTO,SGKM,KGL,TKPY,VTM,SUDV,TKBN,VPL"
27128,MEMU SPECIAL,CIV,TGU,473.0,9,"CIV,VVM,VND,KCD,SJL,KKM,YGD,PDKN,TGU"
23945,CIRCAR EXPRESS,CCT,KRYP,538.0,12,"CCT,KVM,PVD,TMB,IPM,NCE,BNL,VGA,PGU,APT,GRBL,KRYP"
29377,GOLCONDA EXP,NOSM,PIL,399.0,10,"NOSM,CMZ,VND,VLV,REM,CTPR,KMH,SF,KTV,PIL"
27680,GNT NS EXP,PDGL,KBA,916.0,16,"PDGL,TNKU,PAGM,MMS,BAV,VJA,RYP,GPY,GLU,KOVH,KLU,MKJ,PSLP,VDE,KCI,KBA"
21964,SEVEN HILLS EXP,MDPD,GMA,414.0,9,"MDPD,NRT,VND,JBK,BVL,VPG,HNMN,OGL,GMA"
15121,GOLCONDA EXP,GWM,DGB,548.0,11,"GWM,JMDG,MLU,EKM,SPF,PVPT,EE,KGL,PTT,TNRU,DGB"
15468,AMARAVATI EXP,TDK,TIU,796.0,16,"TDK,KUMU,VMD,KOVH,CCI,KYND,TAT,KCI,CEL,LVK,KDT,NG,DNV,SPE,STUR,TIU"
17377,GNT NS EXP,AXR,DGDG,817.0,15,"AXR,TEK,YA,BSPL,MRK,MRM,AKP,PUT,VKI,TGL,OTR,PSDA,TNKU,NWP,DGDG"
25687,GODAVARI EXPRES,SDV,TSR,913.0,17,"SDV,SF,KI,NBR,SUPP,BTVA,BMGM,COA,NGM,GLU,MBD,SNKG,CU,CJM,SSPN,RMZ,TSR"
19915,RAYALASEEMA EXP,YLK,AKP,567.0,10,"YLK,VDD,BLL,CMDP,TADA,DPD,GZA,NUJ,SGDM,AKP"
18694,TIRUMALA EXP,KNRT,AKAH,826.0,15,"KNRT,BNL,KSK,ULM,SDM,SF,GGNP,PGDI,KI,SGKM,PAVP,RLL,AKU,JBK,AKAH"
28934,CHARMINAR EXP,KGL,CCT,712.0,15,"KGL,NDPU,CPL,KLU,DGB,PMT,VLV,TADA,BZA,GDV,PDT,BMGM,PMD,PDMI,CCT"
15365,FALAKNUMA EXP,TUNI,CTO,798.0,14,"TUNI,KUMU,GWM,BVO,MVA,VH,KLX,NRR,CLX,SUDV,PUT,ANE,PYX,CTO"
23853,NARAYANADRI EXP,MUK,TPTY,748.0,11,"MUK,NBM,OBVP,KYM,MPT,RAM,LMD,MRM,TUNI,KVLS,TPTY"
21811,GARIB RATH,VKT,CCT,499.0,10,"VKT,NGNT,TLU,GDR,POA,DPD,PMD,DVR,NDKD,CCT"
15517,TUNGABHADRA EXP,KEF,KPU,375.0,8,"KEF,GTLM,SNM,MAG,NRR,GLU,SPT,KPU"
14533,GODAVARI EXPRES,MLK,GVA,950.0,17,"MLK,KSTE,KCM,MLU,TIM,RPL,SKM,RPRL,KPLL,KYM,VKT,KSK,NRE,ODUR,RAM,VH,GVA"
12796,SC-BZA SUP E,SC,BZA,314.0,4,"SC,GNT,MAG,BZA"
23103,RATNACHAL EXP,NSX,MUK,914.0,16,"NSX,RMZ,PAVP,PSPY,JBK,NZD,PRDT,NLS,PSDA,GPY,KVM,APL,YPD,TKU,AKVD,MUK"
20934,RATNACHAL EXP,CPL,SCM,916.0,16,"CPL,ESV,VJA,BVM,MDPD,MLK,TNKU,KOLA,APT,BMKD,ARKV,YLK,OBVP,MIPM,ANV,SCM"
23217,VISAKHA EXPRESS,CBM,PYA,555.0,9,"CBM,KLX,GWM,SNKG,PEL,NZD,PUT,DUSI,PYA"
16431,SESHADRI EXP,BLPE,UNDI,661.0,14,"BLPE,PVPT,PRDT,BLL,JKO,BSPL,CIV,RCG,KVLS,RLL,GPDE,MBD,VND,UNDI"
16092,KRISHNA EXPRESS,YPD,SAB,343.0,7,"YPD,CLX,ASP,GPI,ALM,RCG,SAB"
29065,TIRUMALA EXP,PGRL,MDUN,554.0,12,"PGRL,GPY,RMV,NRP,LKDU,TPTY,KLU,IPPM,BDVR,NUJ,TGU,MDUN"
15803,KRISHNA EXPRESS,VKN,PAVP,724.0,12,"VKN,NDZ,VGT,GKM,KLDI,MRK,MALM,HVM,MVW,KTV,NLS,PAVP"
18486,INTERCITY EXP,KVM,GVMH,957.0,15,"KVM,KVLS,SUP,KO,VLD,TMPM,TIM,MLK,KCM,RBCS,YA,NG,MCU,PRDT,GVMH"
28086,KRISHNA EXPRESS,VPG,DGB,932.0,17,"VPG,REM,MLU,POO,HX,NRE,OBM,NRR,SJL,PSA,GPY,CMDP,AKVD,VND,NBM,ALAT,DGB"
23263,SEVEN HILLS EXP,VGH,BTTR,478.0,9,"VGH,CIV,NGNT,VVM,CU,BGNP,NML,RMV,BTTR"
21099,RATNACHAL EXP,MOO,YPD,540.0,11,"MOO,MCU,BKPT,IPM,NLA,SVPM,VKZ,NZD,LKDU,TCNR,YPD"
18465,PRASHANTI EXP,GPU,MLK,969.0,17,"GPU,SGKM,CCI,NGJA,UPL,BGNP,SSPN,GLP,DVD,CPL,BLPE,ESV,AL,YGD,VH,STVA,MLK"
19141,JANMABHOOMI EXP,CCT,JAQ,858.0,17,"CCT,AKAH,TGL,VRVL,KDP,BVRT,RLL,PUN,MVA,TNKU,MIPM,UNDI,UKD,KQA,BGNP,MMS,JAQ"
22643,PATNA EXPRES,ERS,PNBE,2785.0,44,"ERS,AWY,TCR,PGT,CBE,TUP,ED,SA,JTJ,KPD,MAS,OGL,BZA,RJY,VSKP,VZM,CHE,PSA,BAM,BALU,KUR,BBS,CTC,JJKR,BHC,BLS,JER,HIJ,MDN,VSU,BQA,ADRA,BURN,ASN,CRJ,MDP,JSME,JAJ,KIUL,MKA,BKP,PNC,RJPB,PNBE"
28995,TIRUMALA EXP,OGL,GRBL,599.0,10,"OGL,SCM,GWM,SF,TEL,TDD,HNMN,PCU,JBK,GRBL"
20395,SIMHADRI EXP,KYM,GDE,599.0,11,"KYM,GID,PDGL,VLD,VTM,YLK,TSR,SGDM,SJMA,AKP,GDE"
