train_id,train_name,source,destination,distance_km,station_count,station_codes,avg_delay_min,avg_delay_std,avg_delay_min_prev,avg_delay_std_prev,rr_merged_at,rr_station_count,rr_source_endpoint
19955,PINAKINI EXP,KOVH,TOU,770.0,14,"KOVH,KVLS,MGV,SYM,MRK,SIE,GLP,DCU,GJJ,KOU,NDKD,VPL,TPW,TOU",61.466,12.114209838037311,61.466,12.114209838037311,,,
28317,TUNGABHADRA EXP,PDGL,BSPL,480.0,8,"PDGL,KJJ,VGT,KEF,PSA,TNR,TGU,BSPL",84.32000000000001,12.32063107149954,84.32000000000001,12.32063107149954,,,
14065,NARAYANADRI EXP,PDGL,TDD,562.0,12,"PDGL,NRT,TOU,VLV,YLK,TSR,PUA,DIG,RU,VLD,NDPU,TDD",105.26,13.651472448054824,105.26,13.651472448054824,,,
25224,CIRCAR EXPRESS,AKVD,PDU,870.0,13,"AKVD,THY,ASP,DMT,SAB,STVA,TKU,GWM,KJJ,KMQA,PUN,TCNR,PDU",88.312,15.5890176085602,88.312,15.5890176085602,,,
18727,PRASHANTI EXP,ULM,ODUR,477.0,10,"ULM,RLO,HCM,UKD,HVM,BKPT,TKPY,VJA,ANB,ODUR",75.55199999999999,10.541421630880722,75.55199999999999,10.541421630880722,,,
29054,KRISHNA EXPRESS,TNKU,AKAH,780.0,11,"TNKU,BVM,KUMU,MPL,KLKA,PGU,RAM,RMV,KEF,BVO,AKAH",77.534,9.476577968866186,77.534,9.476577968866186,,,
15553,GNT NS EXP,MIPM,SYM,626.0,14,"MIPM,CPL,TIU,NYP,KOU,CKV,BVRM,PUMU,NLS,TNRU,DVD,CU,RPCA,SYM",24.96875,12.348416839315881,66.81,14.666904922307229,2025-12-20T07:12:18.818841Z,16,https://api.railradar.in/api/v1/trains/15553/average-delay
15988,PRASHANTI EXP,GVL,GPY,581.0,10,"GVL,NCE,PSPY,PGRL,NS,YPD,NOSM,SVF,VJA,GPY",57.608,6.84726003595599,57.608,6.84726003595599,,,
26811,AMARAVATI EXP,BTVA,PRDT,907.0,17,"BTVA,RLO,ATP,AKAT,SCM,KNRT,PDL,BMH,NLPD,NG,GVMH,PUMU,DKSA,DVD,RPL,KLKA,PRDT",102.04,12.826427795766053,102.04,12.826427795766053,,,
15390,CHARMINAR EXP,MAG,GPY,905.0,16,"MAG,CCT,KJJ,NUJ,NLPD,PGRL,ANV,ATP,VRVL,PGDI,MOO,PPM,NDKD,PAP,VKZ,GPY",95.17,7.213227432987264,95.17,7.213227432987264,,,
24507,TIRUMALA EXP,BZA,PTT,767.0,15,"BZA,SF,KCI,VPU,RPL,KRY,BVO,RDG,BVRT,NLS,MBL,KPL,TMC,PYA,PTT",79.56,12.29753023984897,79.56,12.29753023984897,,,
29012,SEVEN HILLS EXP,POA,PKD,649.0,13,"POA,HAQ,TPW,BMD,CEL,NLA,CCI,VGH,VND,KPLH,KVR,ANB,PKD",53.20799999999999,13.443502891731754,53.20799999999999,13.443502891731754,,,
21679,CIRCAR EXPRESS,CGI,NML,938.0,16,"CGI,GJJ,PYX,BZA,HAQ,PGU,SF,TNRU,GVL,UNDI,CIV,MOO,PKD,NRE,VND,NML",109.586,12.892708404365628,109.586,12.892708404365628,,,
18638,BNC - HTE WE,BNC,HTE,1884.0,27,"BNC,KJM,JTJ,KPD,CTO,PAK,TPTY,RU,GDR,NLR,BZA,RJY,SLO,VSKP,VZM,VBL,PVP,RGDA,MNGD,KSNG,TIG,BLGR,BRGA,SBP,JSG,ROU,HTE",38.65384615384615,32.31330079524566,132.198,17.807882243545972,2025-12-20T07:12:18.818841Z,26,https://api.railradar.in/api/v1/trains/18638/average-delay
13870,PINAKINI EXP,SKM,TIM,967.0,17,"SKM,SVF,KVLS,TDK,MUK,KUK,PDT,NYP,KTV,AKU,GPU,RML,GJJ,PUDI,GTL,KRAP,TIM",105.352,8.259350458722524,105.352,8.259350458722524,,,
26940,AMARAVATI EXP,GID,SVPM,634.0,11,"GID,NDM,GNT,SIE,TU,LIN,BPY,BVO,TLU,KDUH,SVPM",65.656,11.98208370860428,65.656,11.98208370860428,,,
25701,INTERCITY EXP,KLU,BNL,357.0,8,"KLU,VMU,KGL,ODUR,PLU,TEK,CLPE,BNL",82.394,14.087073152362056,82.394,14.087073152362056,,,
13530,VANDE BHARAT,CU,AKAH,902.0,17,"CU,GLP,SGDM,BTTR,DEL,MGPR,KNRT,BVM,PMD,VLD,KNLP,COA,KGL,HUP,DNV,MKR,AKAH",87.982,7.79345045535031,87.982,7.79345045535031,,,
20241,NARAYANADRI EXP,BUM,IPM,314.0,7,"BUM,PYA,KI,MAG,PCU,BVO,IPM",65.08,7.852232166715398,65.08,7.852232166715398,,,
24253,PRASHANTI EXP,VMD,ANE,414.0,10,"VMD,GNT,DNV,DKD,TOU,GUK,HVM,PLVA,KLDI,ANE",120.692,5.212021680691668,120.692,5.212021680691668,,,
23313,SIMHADRI EXP,VLE,MGB,553.0,10,"VLE,CJM,TKBN,MCVM,MBD,KNRT,ANB,MLK,DWP,MGB",114.142,13.526783431400087,114.142,13.526783431400087,,,
20366,PRASHANTI EXP,MVW,JAQ,614.0,12,"MVW,POA,GPDE,KLDI,ARKV,NMLU,NYP,TKBN,MCU,MTM,VRN,JAQ",137.964,12.807580958166929,137.964,12.807580958166929,,,
18680,VANDE BHARAT,KUK,BVM,371.0,9,"KUK,TDK,GJJ,CMDP,POO,DKD,DKSA,GLP,BVM",68.56,9.79843865113213,68.56,9.79843865113213,,,
27398,GODAVARI EXPRES,SALR,TCNR,448.0,7,"SALR,VVM,BBPM,PDL,GDE,BLL,TCNR",65.586,8.097195810896508,65.586,8.097195810896508,,,
25908,GNT NS EXP,NLPD,BMH,650.0,11,"NLPD,KMQA,RPCA,CHE,TPTY,NRE,KMX,ARK,MMS,VRN,BMH",99.222,10.019606778711426,99.222,10.019606778711426,,,
27288,PRASHANTI EXP,RBCS,JKO,400.0,8,"RBCS,GPJ,KKLR,BGHU,PUT,AD,KOLA,JKO",42.842,11.256514558245817,42.842,11.256514558245817,,,
20324,CIRCAR EXPRESS,NCU,TIU,882.0,15,"NCU,BNL,MGPR,OGL,MVA,RPRL,CVV,STVA,OTR,PCU,HCM,BUM,DVD,YGD,TIU",64.792,6.965021177282951,64.792,6.965021177282951,,,
29429,VANDE BHARAT,NDD,VGT,766.0,14,"NDD,GPU,KNLP,KOU,VML,MCLA,PMD,PVP,NRR,RLG,SRPM,SUP,NML,VGT",67.92999999999999,8.307686200140209,67.92999999999999,8.307686200140209,,,
24040,FALAKNUMA EXP,KBM,BMKD,418.0,8,"KBM,HCM,KPN,PYX,KVDU,POA,VPL,BMKD",71.062,11.042579861608427,71.062,11.042579861608427,,,
12039,KGM-NDLS SHA,KGM,NDLS,283.0,8,"KGM,HDW,LKU,RUPC,RMU,MB,GZB,NDLS",2.3333333333333335,2.0816659994661326,37.8,5.138667142362891,2025-12-20T07:12:18.818841Z,9,https://api.railradar.in/api/v1/trains/12039/average-delay
16192,SEVEN HILLS EXP,MMPL,CJM,484.0,9,"MMPL,MUM,VKT,NCU,GZA,DVR,AKAT,CEL,CJM",78.988,11.7470409039894,78.988,11.7470409039894,,,
22974,PURI GIMB EX,PURI,GIMB,2443.0,38,"PURI,SIL,KUR,BALU,CAP,BAM,SPT,PSA,CHE,VZM,PVP,RGDA,MNGD,KSNG,TIG,KBJ,MSMD,R,DURG,G,NGP,WR,BD,AK,MKU,BSL,JL,AN,NDB,ST,BRC,ANND,ND,ADI,VG,SIOB,BCOB,GIMB",9.756756756756756,9.66787772738379,153.65,14.227696580964896,2025-12-20T07:12:18.818841Z,37,https://api.railradar.in/api/v1/trains/22974/average-delay
27436,JANMABHOOMI EXP,VKZ,BVM,330.0,9,"VKZ,CPL,KCI,TUNI,SUP,MPU,UNDI,MCLE,BVM",59.95,13.663941598235844,59.95,13.663941598235844,,,
14930,TIRUMALA EXP,BMGM,CTO,740.0,13,"BMGM,UPL,VLV,TKBN,ANE,BLL,AKAT,KRNT,PSDA,BVO,HUP,CEL,CTO",81.33399999999999,14.553694719898454,81.33399999999999,14.553694719898454,,,
19118,SIMHADRI EXP,LMD,SSPN,822.0,14,"LMD,PUDI,NLS,EDD,PAV,PGDI,VZM,YA,PRH,VGT,TNKU,BLL,NCE,SSPN",81.858,10.568096801222064,81.858,10.568096801222064,,,
20768,TIRUMALA EXP,JBK,GPU,869.0,16,"JBK,NLA,PNM,GDV,CPL,SNM,ANB,OBM,BVRM,SKM,BTVA,YPD,CLU,HVM,PSLP,GPU",126.018,13.620446762129356,126.018,13.620446762129356,,,
26585,PINAKINI EXP,KVR,GVI,514.0,9,"KVR,GNT,ARK,YLM,ANV,MGB,ESV,MRM,GVI",63.122,10.61148999905291,63.122,10.61148999905291,,,
17428,GODAVARI EXPRES,BVRT,GWM,651.0,12,"BVRT,MNPT,DIG,BMD,VMU,YGD,KVZ,ULM,ANB,ODUR,DHNE,GWM",95.366,16.603768548133885,95.366,16.603768548133885,,,
18011,FALAKNUMA EXP,BSPL,SUPP,760.0,15,"BSPL,BVO,KOVH,DVD,KCC,GPY,KO,PMD,NGNT,KVM,CCI,MVW,TNR,BMH,SUPP",48.06578947368421,25.429254561127543,72.168,14.238875306708742,2025-12-20T07:12:18.818841Z,38,https://api.railradar.in/api/v1/trains/18011/average-delay
27093,JANMABHOOMI EXP,BGNP,MPT,556.0,12,"BGNP,PIL,PEL,SPE,BPP,ANV,TGL,KBA,CLVR,NUJ,TKPY,MPT",111.28,11.174701338290884,111.28,11.174701338290884,,,
15983,MEMU SPECIAL,OBM,KLDI,403.0,8,"OBM,KPL,PEL,PSLP,NLR,VML,ANV,KLDI",44.182,11.085200494352822,44.182,11.085200494352822,,,
27034,GNT NS EXP,TAT,EE,239.0,7,"TAT,KSK,MBL,VH,PUDI,NRE,EE",121.584,10.086819617699131,121.584,10.086819617699131,,,
26459,INTERCITY EXP,ANB,DHNE,245.0,8,"ANB,MAR,KLX,KKM,TMPM,AVLI,ODUR,DHNE",49.226,12.221318668621644,49.226,12.221318668621644,,,
17362,PINAKINI EXP,BNL,KSTE,907.0,16,"BNL,TOU,NLPD,CEL,BVRT,NML,KHT,SLO,EKM,RU,KCM,OBM,DGB,KI,ARKV,KSTE",87.958,9.205969259127473,87.958,9.205969259127473,,,
25842,PINAKINI EXP,NBM,CCT,747.0,14,"NBM,PDL,MRK,VTM,NRYP,KCC,PAV,UPL,BPP,YADA,CU,RAL,KVLS,CCT",90.088,7.686063361695631,90.088,7.686063361695631,,,
23848,PRASHANTI EXP,GALA,MOO,677.0,14,"GALA,TPTY,ANE,AKU,KGL,NML,CVV,MALM,OGL,DPD,PIL,NDPU,RJY,MOO",141.498,9.297371671606976,141.498,9.297371671606976,,,
18730,TIRUMALA EXP,KMH,AKP,677.0,11,"KMH,BDPL,MDUN,NGM,PSDA,DMT,TKU,MCU,SGKM,GLP,AKP",106.932,5.443208612574025,106.932,5.443208612574025,,,
12212,ANVT-MFP GAR,ANVT,MFP,1059.0,14,"ANVT,MB,BE,SPN,LKO,GD,BST,GKP,BUG,NKE,BTH,SGL,BMKI,MFP",158.35714285714286,64.36598163499671,108.216,8.165998408033154,2025-12-20T07:12:18.818841Z,14,https://api.railradar.in/api/v1/trains/12212/average-delay
15254,SESHADRI EXP,IDP,KYND,966.0,16,"IDP,VNM,KVDU,PDSN,MVP,VMD,TAC,KTV,YPD,NDPU,KUK,MIPM,TSR,PSPY,PTT,KYND",92.744,13.072231255604374,92.744,13.072231255604374,,,
19405,VIKRAMASIMHAPURI,MCU,GNT,670.0,12,"MCU,PSA,NRE,GVMH,IPPM,KUMU,DCU,PUN,SVPM,PRDT,VRN,GNT",10.151515151515152,5.888464388601755,146.73600000000002,6.566610998071983,2025-12-20T07:12:18.821469Z,33,https://api.railradar.in/api/v1/trains/19405/average-delay
25792,TUNGABHADRA EXP,KLU,UPL,930.0,17,"KLU,BTTR,MALM,SRPM,TDD,BLL,LKDU,VKN,TCNR,MYL,SYM,TIU,CEM,KPU,VGT,GWM,UPL",150.53199999999998,10.522156147862455,150.53199999999998,10.522156147862455,,,
28203,VISAKHA EXPRESS,KOU,KRY,853.0,17,"KOU,KI,KBM,GWM,SGKM,RDG,HNMN,VKI,KRNT,KHT,ASP,MCVM,GRBL,KDT,RPRL,TIM,KRY",141.4,12.595959669671853,141.4,12.595959669671853,,,
24353,GNT NS EXP,ATP,GPU,1033.0,17,"ATP,POA,MDVL,CTPR,RPRL,KCD,AKP,SJMA,SF,STVA,LVK,SIE,SLM,BVM,VGH,RAL,GPU",99.372,11.810062235229749,99.372,11.810062235229749,,,
25547,NARAYANADRI EXP,KTCR,LKSH,341.0,9,"KTCR,NSPH,CLX,RAM,DIG,NLA,LIN,NBR,LKSH",109.28600000000002,3.212853871560295,109.28600000000002,3.212853871560295,,,
26857,KRISHNA EXPRESS,RLO,NRT,401.0,8,"RLO,JKO,OGL,DNV,DKD,VND,KDT,NRT",69.886,4.442840307731082,69.886,4.442840307731082,,,
29275,TUNGABHADRA EXP,MGV,YLK,583.0,10,"MGV,BDVR,YGD,NG,KRNT,PSLP,VMU,RCG,BMD,YLK",90.48,11.127962526895926,90.48,11.127962526895926,,,
13044,RXL HWH EXPR,RXL,HWH,698.0,19,"RXL,GRH,BGU,SMI,JNR,KML,DBG,SPJ,DSS,BJU,KIUL,JAJ,JSME,MDP,ASN,DGR,BWN,BDC,HWH",96.92857142857143,55.52676011109755,77.766,13.050978124263327,2025-12-20T07:12:18.821469Z,21,https://api.railradar.in/api/v1/trains/13044/average-delay
16895,TIRUMALA EXP,SJMA,ZPI,685.0,12,"SJMA,KKLR,RCG,KDT,DVD,SUPP,MRK,MUK,GGNP,TADA,SVPM,ZPI",71.786,7.17813903459664,71.786,7.17813903459664,,,
19857,PINAKINI EXP,CLPE,TAC,701.0,12,"CLPE,KCD,KBM,KUMU,PDU,VND,PUT,KMX,AVLI,MUM,TEK,TAC",65.05600000000001,11.584473660896297,65.05600000000001,11.584473660896297,,,
20767,PRASHANTI EXP,RLL,KRV,822.0,14,"RLL,JKO,MDKU,CMZ,VZM,AKU,RAM,DEL,MIPM,NDM,SCM,KNRT,KVZ,KRV",148.536,10.622310483129366,148.536,10.622310483129366,,,
17647,SIMHADRI EXP,KPL,NCE,464.0,13,"MLGT,SRPM,TIM,SAB,DUSI,MGB,GMDA,SCM,VDE,OTR,NCE,CU,KCI",50.46875,30.639266447444527,92.441,21.071611998663563,2025-12-20T07:12:18.821469Z,32,https://api.railradar.in/api/v1/trains/17647/average-delay
19980,TUNGABHADRA EXP,PDKN,MCVM,810.0,17,"PDKN,KAQ,UPL,KOU,KCD,TGL,NDD,YGD,SAP,TPW,KPU,KOVH,TUNI,RRJ,RJY,RBCS,MCVM",130.228,11.450053274985237,130.228,11.450053274985237,,,
22819,BBS-VSKP SF,BBS,VSKP,442.0,27,"BBS,KUR,NKP,BSDP,KAPG,KUU,GNGD,BALU,CLKA,KIT,RBA,GAM,CAP,BAM,IPM,SPT,MMS,PSA,NWP,KBM,TIU,CHE,PDU,CPP,VZM,SCM,VSKP",25.125,12.74098070345114,75.79400000000001,12.245147202055186,2025-12-20T07:12:18.821469Z,28,https://api.railradar.in/api/v1/trains/22819/average-delay
12386,NARAYANADRI EXP,GGNP,ARK,436.0,9,"GGNP,NOSM,MDVL,PMT,SALR,MGB,TKBN,NDD,ARK",53.96,9.819847249321144,53.96,9.819847249321144,,,
13610,SIMHADRI EXP,SRPM,MNPT,841.0,17,"SRPM,MCU,BTTR,GGNP,SGKM,NSPH,KRV,MCLA,MVP,PUA,CLVR,MDKU,BLPE,GTL,KLDI,SVF,MNPT",70.458,12.52971547961086,70.458,12.52971547961086,,,
19149,SESHADRI EXP,PKO,CTPR,612.0,12,"PKO,KMX,ARK,SPF,PDSN,JPI,BUM,SVPM,NLA,GNN,MGV,CTPR",97.584,13.997247229366208,97.584,13.997247229366208,,,
16555,RATNACHAL EXP,RPRL,AL,566.0,10,"RPRL,KAQ,RCA,SUPP,HUP,YLK,GPY,REG,CBM,AL",59.904,10.340806544946092,59.904,10.340806544946092,,,
25372,NARAYANADRI EXP,RPCA,CVV,618.0,10,"RPCA,KLU,PCU,OBM,MVP,ODUR,NASP,GDR,NLR,CVV",44.672,9.041602181029642,44.672,9.041602181029642,,,
28190,AMARAVATI EXP,KPLH,KPU,406.0,8,"KPLH,REG,TMB,LKSH,EDD,AKAT,EE,KPU",80.024,12.506585465265893,80.024,12.506585465265893,,,
25185,JANMABHOOMI EXP,BVL,VSKP,457.0,8,"BVL,TAT,PMT,BLPE,KOLA,MRM,RMV,VSKP",79.188,10.192942166028413,79.188,10.192942166028413,,,
16082,SEVEN HILLS EXP,MDUN,RRJ,787.0,13,"MDUN,PAK,BAV,AD,MALM,STUR,ARK,UPL,GZL,BLPE,TDD,KNLP,RRJ",90.854,15.134859761491024,90.854,15.134859761491024,,,
26800,INTERCITY EXP,VDD,PVP,663.0,15,"VDD,MCLA,PEL,TAC,SCMN,PSLP,VGT,SAB,KSK,BGHU,BVO,KVM,MRK,GWM,PVP",121.756,11.695543168232932,121.756,11.695543168232932,,,
21041,SESHADRI EXP,KEN,PKD,900.0,15,"KEN,MCU,CCI,NRT,CGI,CKV,MAG,PNM,RMV,BAV,SVF,TAT,MADU,YPD,PKD",99.748,12.164697694558624,99.748,12.164697694558624,,,
20126,RATNACHAL EXP,MAR,NS,688.0,15,"MAR,SNM,VGH,PCL,PRH,SVF,SYM,GPI,NRP,KPL,KCC,MDPD,CJM,TNKU,NS",70.1,9.71230662613161,70.1,9.71230662613161,,,
13766,RAYALASEEMA EXP,BDVR,OBVP,388.0,7,"BDVR,KPLL,VPG,MRM,KLDI,NML,OBVP",70.206,10.113724833116637,70.206,10.113724833116637,,,
17587,SESHADRI EXP,STUR,CBM,846.0,14,"STUR,PSPY,VMD,JAQ,TPW,RAM,DKD,RBCS,KOU,KPLH,KMQA,KBM,NWP,CBM",90.806,10.01645296499714,90.806,10.01645296499714,,,
27747,GNT NS EXP,CU,KAQ,847.0,16,"CU,ANB,TU,PGU,DNV,VH,TMC,KPN,TGL,KDUH,VML,GRBL,MBL,PCU,BBPM,KAQ",91.354,14.243978727869536,91.354,14.243978727869536,,,
21979,FALAKNUMA EXP,CMDP,NGNT,663.0,14,"CMDP,NASP,JAQ,DUU,SPT,TMB,BTTR,UPL,OBM,TIU,KVR,CCT,KDP,NGNT",78.20599999999999,7.407110097737178,78.20599999999999,7.407110097737178,,,
24869,MEMU SPECIAL,PNM,ESV,437.0,10,"PNM,MRK,SPT,MVW,GPDE,SUDV,PAV,MUK,SPF,ESV",63.638,9.947364977721485,63.638,9.947364977721485,,,
25889,PINAKINI EXP,RLL,KHT,784.0,13,"RLL,DGDG,RPCA,PRDT,SJMA,PAK,CCI,VBL,TPW,KSTE,TKU,MRM,KHT",96.072,9.649912952975276,96.072,9.649912952975276,,,
13471,AMARAVATI EXP,NDKD,SRPM,770.0,14,"NDKD,CLU,TMB,PAGM,SSPN,ESV,VDI,LKDU,SGKM,KPL,PLU,BTTR,KI,SRPM",68.042,7.43149513893402,68.042,7.43149513893402,,,
22387,BLACKDIMOND,HWH,DHN,269.0,16,"HWH,SHE,BDC,BWN,MNAE,PAN,DGR,OYR,UDL,RNG,ASN,STN,ULT,BRR,KMME,DHN",16.3125,7.367315912189459,108.272,16.142701756521433,2025-12-20T07:12:18.821469Z,16,https://api.railradar.in/api/v1/trains/22387/average-delay
16485,GOLCONDA EXP,CLX,KLX,689.0,13,"CLX,NML,REG,VND,UKD,YPD,SPF,KBA,KLU,ANE,KSK,TNR,KLX",75.8,10.410895734757888,75.8,10.410895734757888,,,
12547,AF-ADI SUPER,AF,ADI,866.0,12,"AF,AH,BTE,JP,AII,BER,MJ,FA,ABR,PNU,MSH,ADI",19.733333333333334,9.291334074764984,84.188,9.426227771489508,2025-12-20T07:12:18.821469Z,15,https://api.railradar.in/api/v1/trains/12547/average-delay
14804,ADI BGKT EXP,ADI,BGKT,479.0,17,"ADI,SBI,MSH,UJA,SID,PNU,DISA,BLDI,DQN,RNV,MBNL,MON,JOR,MKSR,SMR,LUNI,BGKT",35.121212121212125,20.643448701424333,77.304,13.597657151141886,2025-12-20T07:12:18.821469Z,33,https://api.railradar.in/api/v1/trains/14804/average-delay
22721,CIRCAR EXPRESS,ARKV,GDP,641.0,10,"ARKV,MPT,NDD,KDT,SDM,GDR,KBM,PDMI,TPTY,GDP",125.588,11.393652618892684,125.588,11.393652618892684,,,
21141,JANMABHOOMI EXP,CCI,DIG,847.0,16,"CCI,HUP,UGD,MCLE,YA,TIU,YPD,KDUH,BPY,HCM,SJMA,PSA,MADU,OTR,CIV,DIG",79.482,11.786304340207748,79.482,11.786304340207748,,,
14665,RAYALASEEMA EXP,TNRU,NZD,828.0,15,"TNRU,CEL,DMT,DEL,GRBL,VMD,SDV,BMD,DKSA,MVW,TCNR,TDD,KTV,GDE,NZD",94.8,10.849168170878352,94.8,10.849168170878352,,,
18717,CHARMINAR EXP,AKAT,PDKN,766.0,15,"AKAT,ALM,KKLR,KSK,PSDA,UNDI,VLV,GPDE,TAC,ANB,CLX,MUM,CIV,NLPD,PDKN",60.41,6.003715516244921,60.41,6.003715516244921,,,
29244,GARIB RATH,MVA,OGL,593.0,9,"MVA,ZPL,MBL,NLR,PVP,LKDU,RMV,REM,OGL",108.146,7.345633396787507,108.146,7.345633396787507,,,
12619,MATSYAGANDHA,LTT,MAQ,893.0,24,"LTT,TNA,PNVL,MNI,KHED,CHI,RN,KUDL,MAO,CNO,KAWR,ANKL,GOK,KT,HNA,MRDW,BTJL,BYNR,KUDA,BKJ,UD,MULK,SL,MAQ",64.13636363636364,32.278680628868585,81.42999999999999,6.9124778480657705,2025-12-20T07:12:18.821469Z,22,https://api.railradar.in/api/v1/trains/12619/average-delay
18066,SEVEN HILLS EXP,GDP,GDV,716.0,12,"GDP,KLDI,KQA,KTCR,SLM,PSLP,BTVA,IPM,PTT,GVI,MRM,GDV",93.042,5.117310817216401,93.042,5.117310817216401,,,
13789,INTERCITY EXP,GID,POA,791.0,14,"GID,VRN,NOSM,BVRM,KSTE,PTT,MDKU,SGDM,KVDU,PSLP,GPDE,DIG,SAP,POA",68.662,6.297957605446384,68.662,6.297957605446384,,,
26909,FALAKNUMA EXP,KRYP,TAT,776.0,15,"KRYP,SCMN,ULM,VLV,NRE,SVPM,MPL,MGV,BLPE,SF,KEN,MCU,TDD,NOSM,TAT",93.952,11.356631102576149,93.952,11.356631102576149,,,
15868,SEVEN HILLS EXP,TCNR,PAK,497.0,9,"TCNR,VAT,MMPL,AVLI,KRNT,ARK,PDSN,RPRL,PAK",51.79,6.159379027142265,51.79,6.159379027142265,,,
28699,TUNGABHADRA EXP,MCU,MLK,613.0,11,"MCU,CTO,GKM,BTVA,OBM,MLU,LKDU,PLU,OTR,KCC,MLK",75.462,7.916212478199403,75.462,7.916212478199403,,,
28936,RATNACHAL EXP,PDKN,DHNE,266.0,7,"PDKN,GDP,UNDI,MKR,VTM,YLM,DHNE",111.838,13.55012804367546,111.838,13.55012804367546,,,
28771,GOLCONDA EXP,TMLU,HX,778.0,17,"TMLU,VLD,PVP,JUR,MGPR,BGNP,VMD,REG,MCLA,SJL,NGNT,LMD,KOU,NS,DNV,APT,HX",87.002,12.419479457690656,87.002,12.419479457690656,,,
29848,PINAKINI EXP,MCLA,NDM,730.0,13,"MCLA,PSLP,SMLG,RLO,TSR,NLPD,GDP,RYP,SDV,GKM,VKT,STVA,NDM",74.27000000000001,9.070744181157352,74.27000000000001,9.070744181157352,,,
25080,SIMHADRI EXP,PVPT,NDL,647.0,12,"PVPT,CEL,EE,VJA,MNPT,CBM,PCL,MLK,ODUR,KHT,OBM,NDL",120.772,11.743599107599,120.772,11.743599107599,,,
28441,MEMU SPECIAL,GNN,VJA,905.0,17,"GNN,BPY,RJP,GPDE,SNM,PVPT,REG,KMX,YGD,GALA,SDM,PAVP,UKD,DKD,BSPL,AKP,VJA",84.4,18.07890068560586,84.4,18.07890068560586,,,
12330,SAMPARKRANTI,ANVT,SDAH,1436.0,8,"ANVT,CNB,MGS,DHN,ASN,DGR,BWN,SDAH",208.55555555555554,97.89519465123131,91.958,12.941865012431553,2025-12-20T07:12:18.821469Z,9,https://api.railradar.in/api/v1/trains/12330/average-delay
14931,PRASHANTI EXP,JUR,AKAH,730.0,13,"JUR,GVI,DCU,CJM,NDL,MMPL,KUK,PUDI,PCU,MVW,SVPM,MAG,AKAH",109.452,9.21171916636629,109.452,9.21171916636629,,,
14701,GARIB RATH,ARK,SAP,858.0,15,"ARK,KRY,MMS,JKO,NRP,TADA,TU,SAB,CLU,BLL,DKSA,MDUN,DGDG,VRN,SAP",16.5,9.667692884772753,62.88,10.111164621348024,2025-12-20T07:12:18.821469Z,56,https://api.railradar.in/api/v1/trains/14701/average-delay
14941,CIRCAR EXPRESS,TIM,MIPM,496.0,10,"TIM,PCU,SALR,GUK,NML,PMT,NRR,KEN,VGH,MIPM",111.894,12.32133840132638,111.894,12.32133840132638,,,
14684,MEMU SPECIAL,DVD,PHM,792.0,11,"DVD,BEY,MLK,PIL,VDE,KSK,PUA,GDE,RVD,VNM,PHM",108.544,8.860379788699806,108.544,8.860379788699806,,,
16207,AMARAVATI EXP,PDU,VPL,877.0,16,"PDU,MCLE,CTPR,VBL,PUN,PTT,GTLM,VJA,NGJA,DUSI,PDKN,VH,KOLA,MAR,MBL,VPL",22.152173913043477,16.85257997446804,90.992,4.338976837919277,2025-12-20T07:12:18.821469Z,23,https://api.railradar.in/api/v1/trains/16207/average-delay
22954,GUJARAT EXPR,ADI,BCT,490.0,27,"ADI,MAN,MHD,ND,KBRV,ANND,BRC,MYG,PLJ,BH,AKV,KSB,KIM,ST,NVS,BIM,BL,UVD,VAPI,BLD,UBR,DRD,BOR,PLG,BVI,DDR,BCT",11.82,5.141750674624355,36.902,6.142887757398796,2025-12-20T07:12:18.821469Z,25,https://api.railradar.in/api/v1/trains/22954/average-delay
22622,CAPE-RMM SUP,CAPE,RMM,398.0,12,"CAPE,NCJ,VLY,NNN,TEN,CVP,VPT,MDU,MNM,PMK,RMD,RMM",8.61111111111111,9.230919593583831,69.80199999999999,8.379413463960354,2025-12-20T07:12:18.826099Z,9,https://api.railradar.in/api/v1/trains/22622/average-delay
25739,PRASHANTI EXP,KRYP,MOO,499.0,8,"KRYP,DVR,TAC,DGDG,AKAT,TPW,ARKV,MOO",68.816,10.685346508185868,68.816,10.685346508185868,,,
14832,VIKRAMASIMHAPURI,ASP,PIL,930.0,17,"ASP,MLU,KVM,RVD,OBM,NWP,GNT,KBA,DWP,CCI,BZA,HVM,GDE,PGDI,RYP,KRNT,PIL",99.074,11.160693526837838,99.074,11.160693526837838,,,
28352,KRISHNA EXPRESS,VH,BDPL,351.0,7,"VH,MGV,BKPT,GVL,KSTE,VKI,BDPL",101.874,12.763096411137855,101.874,12.763096411137855,,,
16065,SEVEN HILLS EXP,REM,MMS,743.0,14,"REM,NGJA,VDI,GPY,RLO,AKAH,AL,GJJ,KQA,JPI,SUPP,ALAT,PAM,MMS",77.63199999999999,9.977042146848936,77.63199999999999,9.977042146848936,,,
29114,SIMHADRI EXP,PDSN,BSPL,334.0,7,"PDSN,ESV,GWM,KLX,KNLP,ODUR,BSPL",51.854,11.464330769826908,51.854,11.464330769826908,,,
22645,AHILYANAGARI,INDB,TVC,2643.0,52,"INDB,DWX,UJN,SJP,BPL,ET,GDYA,BZU,AMLA,PAR,NGP,SEGM,HGT,CD,BPQ,SKZR,BPA,MCI,RDM,WL,KMT,BZA,TEL,CLX,OGL,NLR,GDR,MAS,KPD,JTJ,SA,ED,TUP,CBE,PGT,OTP,SRR,WKI,TCR,IJK,CKI,AFK,AWY,ERN,ERS,SRTL,ALLP,AMPA,HAD,KYJ,QLN,TVC",29.91,22.5941784537522,192.828,7.389294282947467,2025-12-20T07:12:18.826099Z,50,https://api.railradar.in/api/v1/trains/22645/average-delay
28020,VANDE BHARAT,BGNP,VTM,340.0,7,"BGNP,TSR,VGT,DUU,MUK,AXR,VTM",120.53,5.050742519669759,120.53,5.050742519669759,,,
13873,TUNGABHADRA EXP,RPCA,SJL,776.0,15,"RPCA,NBM,NLPD,NGNT,CTO,KCD,PCU,NBR,NZD,TAC,REG,TIM,ATP,DWP,SJL",110.398,3.018868993513962,110.398,3.018868993513962,,,
29038,INTERCITY EXP,MOO,GRBL,916.0,15,"MOO,YGD,SCMN,CLPE,GDR,ASP,VPL,GMDA,CBM,NRT,MPL,ESV,TUNI,VMU,GRBL",64.3,4.05082090445875,64.3,4.05082090445875,,,
22219,VANDE BHARAT,MPT,ZPL,849.0,16,"MPT,MLK,LKDU,RDG,APL,NDPU,UPD,BVRT,CPP,GDR,TIU,PVPT,NGNT,CBM,AKVD,ZPL",62.80800000000001,8.670223180518482,62.80800000000001,8.670223180518482,,,
14818,SESHADRI EXP,KCM,AKU,1078.0,17,"KCM,HAQ,VVM,DIG,NCE,MMPL,BNL,SNM,HUP,BAV,KVDU,APL,MMS,PVPT,MDUN,CPP,AKU",118.492,3.8537605011209455,118.492,3.8537605011209455,,,
15228,MUZAFFARPUR-,MFP,YPR,2729.0,35,"MFP,SPJ,BJU,BGS,KGG,NNA,KIR,KDPR,MLDT,PKR,RPH,BHP,HWH,KGP,BLS,BHC,JJKR,CTC,BBS,KUR,BALU,BAM,PSA,CHE,VZM,VSKP,RJY,BZA,MAS,AJJ,KPD,JTJ,BWT,KJM,YPR",48.75714285714286,33.31824284265977,162.85,2.35867547577026,2025-12-20T07:12:18.826099Z,35,https://api.railradar.in/api/v1/trains/15228/average-delay
20043,GOLCONDA EXP,SLO,MTM,694.0,13,"SLO,KI,ATP,TNKU,MYL,DHNE,GPY,NMLU,CLX,PCU,TMB,UPD,MTM",93.234,11.256765965409429,93.234,11.256765965409429,,,
21127,RAYALASEEMA EXP,LKDU,NRE,721.0,13,"LKDU,ZPI,LKSH,NSX,NDKD,VMU,KRNT,BGHU,KSK,TAC,MPL,PPM,NRE",63.622,15.346705509652551,63.622,15.346705509652551,,,
20543,SESHADRI EXP,TIM,SGDM,636.0,11,"TIM,SLO,MVA,CLPE,SALR,MCLE,OBVP,MKJ,KKLR,TEL,SGDM",57.05999999999999,15.091133158248914,57.05999999999999,15.091133158248914,,,
13166,SITAMARI-KOL,SMI,KOAA,618.0,15,"SMI,JNR,KML,DBG,SPJ,DSS,BJU,KIUL,JAJ,JSME,MDP,ASN,DGR,BWN,KOAA",119.16666666666667,28.766106599414684,74.328,10.707141075002228,2025-12-20T07:12:18.826099Z,15,https://api.railradar.in/api/v1/trains/13166/average-delay
20642,GOLCONDA EXP,MCU,ALAT,869.0,16,"MCU,OGL,EE,KDP,REG,TNRU,ASP,RYP,KLX,BVRT,BTVA,NCU,YGD,BLPE,GNN,ALAT",12.285714285714286,9.303828485617945,73.636,13.16570848834198,2025-12-20T07:12:18.826099Z,7,https://api.railradar.in/api/v1/trains/20642/average-delay
20673,INTERCITY EXP,NGM,SNKG,546.0,11,"NGM,GGNP,KDP,KMX,RCG,BMD,VKT,SNM,VML,BUM,SNKG",3.4285714285714284,4.161289046751287,62.952,12.062809374270994,2025-12-20T07:12:18.826099Z,7,https://api.railradar.in/api/v1/trains/20673/average-delay
17712,FALAKNUMA EXP,CU,NLS,919.0,16,"CU,DCU,KAQ,GKM,ARKV,TCNR,PYX,KBA,KPL,KVDU,KOU,ASP,RPL,BMKD,TIM,NLS",89.406,17.35447723211506,89.406,17.35447723211506,,,
21223,SESHADRI EXP,PYX,VBL,696.0,14,"PYX,SIE,SRPM,PSDA,MMPL,MRM,BAV,IPPM,GY,VGT,CBM,SUPP,ARK,VBL",88.322,5.169160473423131,88.322,5.169160473423131,,,
13036,MEMU SPECIAL,MGPR,MVA,764.0,13,"MGPR,MAR,ARKV,NKDO,KPLL,GRBL,AKP,VDD,GTLM,AXR,PEL,NSX,MVA",108.128,14.279323163231508,108.128,14.279323163231508,,,
19663,JANMABHOOMI EXP,NOSM,MPL,584.0,12,"NOSM,PLU,ALM,ATP,KLDI,ANE,NDD,CU,MCLE,PVPT,BGHU,MPL",125.038,13.158190225103148,125.038,13.158190225103148,,,
29632,KRISHNA EXPRESS,HVM,PYA,408.0,8,"HVM,GNN,DMT,BVM,IPM,NLR,MDUN,PYA",108.882,15.669064107342214,108.882,15.669064107342214,,,
17437,INTERCITY EXP,GMA,AVLI,655.0,15,"GMA,GRBL,LKSH,KVDU,RBCS,KJJ,RJP,DUU,NLR,PTT,DCU,KKM,NYP,SLM,AVLI",48.042,2.9284586389430207,48.042,2.9284586389430207,,,
21646,SIMHADRI EXP,KPN,MCLA,866.0,16,"KPN,VKT,VND,RMV,CLPE,PDT,MDUN,CLX,CGI,KNLP,CCT,KYND,ZPL,KDT,DWP,MCLA",108.406,6.908978216784299,108.406,6.908978216784299,,,
26180,SESHADRI EXP,MPL,OBVP,581.0,13,"MPL,NMLU,KPLH,BBPM,MMS,PDSN,TUNI,ALAT,KAQ,NYP,ODUR,CTPR,OBVP",107.046,10.037436425701538,107.046,10.037436425701538,,,
16383,TUNGABHADRA EXP,PRCA,KGL,371.0,8,"PRCA,ALAT,NLS,GPU,AKU,NASP,PLU,KGL",73.952,15.739011087104556,73.952,15.739011087104556,,,
25425,SESHADRI EXP,VKZ,PGRL,981.0,17,"VKZ,PVD,CEM,PIL,GNT,MLGT,TTU,NRYP,BNL,NML,KCI,PUT,VML,LIN,RBCS,KEF,PGRL",94.872,9.642687384749127,94.872,9.642687384749127,,,
14538,JANMABHOOMI EXP,BDPL,TDD,291.0,7,"BDPL,KQA,NLR,ODUR,TAC,SALR,TDD",65.962,9.783903617677357,65.962,9.783903617677357,,,
20311,VANDE BHARAT,PTT,IPM,743.0,14,"PTT,PKPU,PHM,KYND,NCU,MKR,TEK,KMH,YPD,CJM,TU,NGNT,VKT,IPM",99.982,16.23241417657891,99.982,16.23241417657891,,,
25465,GOLCONDA EXP,PLVA,PDU,742.0,13,"PLVA,KLKA,UPD,KVM,KPLL,MPT,BPP,PKD,BVRT,MLK,SUDV,PSPY,PDU",117.884,13.779088503961354,117.884,13.779088503961354,,,
17276,GARIB RATH,NASP,CPP,690.0,13,"NASP,MTM,BLL,HNMN,PKPU,AL,PDMI,SF,BGHU,PLVA,SPT,ZPI,CPP",59.678,11.395023913972276,59.678,11.395023913972276,,,
19325,IND AMRITSAR,INDB,ASR,1323.0,24,"INDB,DWX,MKC,BRRG,RTA,GUNA,SVPI,GWL,AGC,RKM,MTJ,FDB,NZM,GZB,MTC,MOZ,DBD,SRE,UMB,SIR,LDH,JUC,BEAS,ASR",14.653846153846153,13.425556306171359,111.726,8.297694258045421,2025-12-20T07:12:18.826099Z,26,https://api.railradar.in/api/v1/trains/19325/average-delay
26758,TIRUMALA EXP,GGNP,ANV,658.0,12,"GGNP,HVM,CEM,TMLU,RDG,APL,BDVR,BAV,KDUH,ANB,OBVP,ANV",138.848,11.650595263762272,138.848,11.650595263762272,,,
20373,FALAKNUMA EXP,KJJ,IPM,1221.0,17,"KJJ,GVMH,JUR,BPY,RBCS,KSTE,NCU,PDKN,MDKU,BEY,RPL,GY,SYM,CJM,SRPM,KRAP,IPM",91.658,10.157631121477092,91.658,10.157631121477092,,,
17659,TIRUMALA EXP,GDP,BVO,407.0,9,"GDP,RGM,GDR,PAK,VJA,VVM,PMT,MGV,BVO",42.16,24.81721982817576,52.284000000000006,12.11636001445979,2025-12-20T07:12:18.828110Z,25,https://api.railradar.in/api/v1/trains/17659/average-delay
24740,GODAVARI EXPRES,ANB,EKM,642.0,12,"ANB,VMU,REG,YGD,SJL,RCG,MDPD,AKAH,SUPP,KPLL,CMZ,EKM",86.25399999999999,8.489701408176847,86.25399999999999,8.489701408176847,,,
25089,FALAKNUMA EXP,NYP,TSR,500.0,9,"NYP,TMB,CMZ,YA,TDK,NCE,RLL,PAVP,TSR",70.644,11.322205173904951,70.644,11.322205173904951,,,
26823,TIRUMALA EXP,PEL,MBL,679.0,12,"PEL,KVR,RLG,UKD,MCLA,NRYP,AKVD,KYND,VLV,RJP,DIG,MBL",120.56199999999998,14.090873642184151,120.56199999999998,14.090873642184151,,,
12093,GOLCONDA EXP,NDD,MAG,877.0,16,"NDD,YGD,PDKN,KCC,BVL,MIPM,BDPL,MAR,GVA,SYM,NRR,MUK,RYP,PAVP,CEL,MAG",80.498,14.78444689530183,80.498,14.78444689530183,,,
29104,PINAKINI EXP,KRNT,APT,290.0,7,"KRNT,ANE,THY,TIU,GDE,KUK,APT",36.96,19.06193458177842,36.96,19.06193458177842,,,
28863,JANMABHOOMI EXP,GY,HUP,339.0,8,"GY,PEL,JBK,RBCS,CGI,TGU,NYP,HUP",51.972,12.59589695099162,51.972,12.59589695099162,,,
28041,GNT NS EXP,CLPE,VLD,585.0,13,"CLPE,REG,KEF,POA,SLO,RMZ,TPTY,KAQ,SNM,RCG,KI,VNM,VLD",57.158,7.232787844254798,57.158,7.232787844254798,,,
18327,VISAKHA EXPRESS,GMDA,SIE,345.0,10,"GMDA,OGL,KDT,HAQ,DEL,TOU,GRBL,KEN,SJL,SIE",93.638,12.834218714047225,93.638,12.834218714047225,,,
15752,KRISHNA EXPRESS,KCI,NDKD,830.0,14,"KCI,PKD,BGNP,MVP,GZL,CHE,PGDI,CLVR,RAM,SLM,MLU,KVLS,MMS,NDKD",102.518,13.256348290536122,102.518,13.256348290536122,,,
22397,AMARAVATI EXP,RBCS,KVZ,848.0,17,"RBCS,CTO,MCLE,SIE,NYP,TKPY,VPG,ALAT,PKPU,LMD,DKSA,AKU,VKT,DWP,BKPT,OBM,KVZ",126.124,9.462781303612587,126.124,9.462781303612587,,,
24218,GARIB RATH,ARK,MOO,950.0,17,"ARK,NML,PYX,PDMI,TSR,DIG,AL,AXR,PAVP,TNRU,BVO,MPU,YGD,BDVR,BTTR,VDI,MOO",101.858,5.682206437643738,101.858,5.682206437643738,,,
12862,KZJ-VSKP LIN,KZJ,VSKP,576.0,19,"KZJ,WL,NKD,KDM,MABD,DKJ,KMT,MDR,BZA,EE,TDD,NDD,RJY,SLO,ANV,TUNI,AKP,DVD,VSKP",34.608695652173914,20.81907388500054,74.574,11.17480559115012,2025-12-20T07:12:18.828110Z,23,https://api.railradar.in/api/v1/trains/12862/average-delay
12543,GNT NS EXP,CCI,RCG,563.0,9,"CCI,GDE,BPY,SGKM,VNM,PUA,JKO,PVD,RCG",48.224,14.951975789172485,48.224,14.951975789172485,,,
27462,RAYALASEEMA EXP,RCA,PUA,440.0,11,"RCA,NDD,PCL,PUDI,PHM,NBM,SPE,BVRM,SGDM,CPP,PUA",71.4,10.114692283999547,71.4,10.114692283999547,,,
13391,GNT NS EXP,GGNP,VLD,546.0,10,"GGNP,CHE,KUK,BLPE,NLR,SGKM,GVI,KOVH,KYND,VLD",66.328,9.506864362133287,66.328,9.506864362133287,,,
12475,HAPA JAT EXP,HAPA,SVDK,2055.0,31,"HAPA,RJT,WKR,SUNR,VG,ADI,ND,ANND,BRC,GDA,DHD,MGN,RTM,NAD,SGZ,RMA,KOTA,SWM,BTE,MTJ,NZM,NDLS,PNP,UMB,LDH,JRC,PTKC,KTHU,JAT,UHP,SVDK",22.926470588235293,27.656807574091257,135.26399999999998,5.384336542230617,2025-12-20T07:12:18.828110Z,34,https://api.railradar.in/api/v1/trains/12475/average-delay
16641,PRASHANTI EXP,ANV,JPI,617.0,13,"ANV,KYM,MDKU,DNV,RLG,VML,KLX,NDKD,ARKV,UNDI,LKSH,MVA,JPI",60.114,13.688543750158376,60.114,13.688543750158376,,,
26335,TIRUMALA EXP,GVI,GVMH,419.0,7,"GVI,NDKD,PDKN,AKU,PUN,KLKA,GVMH",101.276,9.708175935777016,101.276,9.708175935777016,,,
12886,BJE-SHM ARAN,BJE,SHM,317.0,13,"BJE,SNTD,ADRA,BQA,VSU,GBA,CDGR,SLB,MDN,KGP,PKU,SRC,SHM",41.986,9.176945570286446,41.986,9.176945570286446,,,
26389,GODAVARI EXPRES,SGDM,BMH,645.0,10,"SGDM,AD,TGL,BDVR,KVLS,PDT,KHT,CTO,VGH,BMH",48.142,7.139990896352741,48.142,7.139990896352741,,,
28738,GNT NS EXP,JKO,GWM,374.0,8,"JKO,GTLM,SIE,VML,MUK,VGA,RGM,GWM",74.40599999999999,11.813176118216475,74.40599999999999,11.813176118216475,,,
24934,CIRCAR EXPRESS,BSPL,SYM,979.0,17,"BSPL,NRR,UPD,PUMU,PUT,KOU,VDI,ZPL,GVA,VMU,ANE,GTLM,NBR,PDKN,SCMN,PUN,SYM",81.94,8.915674399617785,81.94,8.915674399617785,,,
18679,JANMABHOOMI EXP,ASP,ALAT,992.0,16,"ASP,BLPE,MBD,KBM,VKZ,PCU,MPL,VPG,GPDE,KTCR,TCNR,CTO,MLK,VGA,RLL,ALAT",107.41599999999998,13.15227660901336,107.41599999999998,13.15227660901336,,,
26708,NARAYANADRI EXP,KPU,UPL,468.0,10,"KPU,NRP,SAB,NGNT,GY,VMU,AL,CPL,SCM,UPL",113.16,13.40143275922392,113.16,13.40143275922392,,,
18042,NARAYANADRI EXP,HCM,VKT,318.0,7,"HCM,KTCR,BZA,RCG,MCVM,MRM,VKT",91.114,10.862850914930208,91.114,10.862850914930208,,,
20303,TIRUMALA EXP,MRK,STUR,670.0,13,"MRK,MAR,SPF,DGB,BPP,PYA,NZD,MCVM,PGDI,MAG,KVZ,CVV,STUR",125.506,8.978253170856789,125.506,8.978253170856789,,,
17770,VISAKHA EXPRESS,JMDG,BDPL,876.0,15,"JMDG,VAT,DKD,POO,SUDV,EDD,VND,MAR,ARK,OGL,JUR,CIV,GVA,BTVA,BDPL",126.75,13.789329207760613,126.75,13.789329207760613,,,
20804,PRASHANTI EXP,HCM,MUM,529.0,11,"HCM,VKT,GZA,MOO,GNN,VKZ,KVZ,VDE,GKM,PLVA,MUM",39.89655172413793,43.49284112918704,65.784,12.504248478017384,2025-12-20T07:12:18.829126Z,29,https://api.railradar.in/api/v1/trains/20804/average-delay
15589,CIRCAR EXPRESS,KGL,KEF,827.0,14,"KGL,PMT,NZD,CCA,SDM,YLK,DMT,MVA,MLU,VMD,KYM,NLR,SALR,KEF",58.854166666666664,50.87965358869453,115.096,13.335851303910076,2025-12-20T07:12:18.829126Z,24,https://api.railradar.in/api/v1/trains/15589/average-delay
29735,VANDE BHARAT,KSK,POO,1112.0,17,"KSK,CHE,NRE,MLU,AXR,TGL,VKZ,PLU,JBK,NDL,UNDI,BTTR,KCC,MTM,RLG,NG,POO",105.654,3.877174228739284,105.654,3.877174228739284,,,
17669,SESHADRI EXP,ARK,VMD,945.0,17,"ARK,GVL,CTPR,ANV,SF,DVR,MYL,NCU,PYX,MADU,TNRU,LMD,PSLP,MLU,KLDI,SPF,VMD",124.574,5.61655855484477,124.574,5.61655855484477,,,
17646,SIMHADRI EXP,PUN,GDR,735.0,15,"PUN,MTM,DCU,SPE,PIL,CVV,ARKV,BVO,GGNP,YLK,KO,RAL,RML,BVM,GDR",35.28947368421053,31.532070470301257,79.602,7.691542108056095,2025-12-20T07:12:18.829126Z,19,https://api.railradar.in/api/v1/trains/17646/average-delay
26143,GNT NS EXP,SGDM,DMM,758.0,15,"SGDM,KVZ,RCG,ZPL,UGD,GLP,APL,GDP,SUP,KO,TNRU,NWP,GTLM,PIL,DMM",67.522,11.444742024178614,67.522,11.444742024178614,,,
26511,INTERCITY EXP,NRT,APT,906.0,17,"NRT,SUP,REG,KHT,TKPY,PDGL,MIPM,NDO,PDT,VLE,VRN,CGI,CPP,MUM,KSK,KCC,APT",99.356,10.517463097154186,99.356,10.517463097154186,,,
13502,ASN -  HLZ E,ASN,HLZ,323.0,18,"ASN,BURN,MDKD,MDF,ADRA,CJN,BQA,ODM,VSU,GBA,CDGR,SLB,MDN,KGP,PKU,TMZ,DZKT,HLZ",44.014,7.06562665302944,44.014,7.06562665302944,,,
12305,KOLKATA RAJD,HWH,NDLS,1516.0,9,"HWH,BWN,MDP,JSME,PNBE,MGS,ALD,CNB,NDLS",34.5,57.68544973484311,161.61399999999998,9.005233478372453,2025-12-20T07:12:18.829126Z,9,https://api.railradar.in/api/v1/trains/12305/average-delay
18990,TUNGABHADRA EXP,ARKV,NRP,488.0,9,"ARKV,VND,PTT,GVI,DVD,APL,KYM,VLD,NRP",77.238,11.947343637813386,77.238,11.947343637813386,,,
24775,GODAVARI EXPRES,GVMH,SPE,602.0,12,"GVMH,VAT,KMX,MPU,SAP,AVLI,GDR,SJL,VML,RCA,KCM,SPE",84.446,17.404487352404267,84.446,17.404487352404267,,,
29752,TUNGABHADRA EXP,DUSI,TNR,427.0,9,"DUSI,NRYP,RAM,CLPE,JKO,ZPL,PCL,GID,TNR",63.68399999999999,11.470733629546103,63.68399999999999,11.470733629546103,,,
24269,MEMU SPECIAL,MALM,RDG,598.0,10,"MALM,KEN,KUK,TGU,BVO,PDU,STUR,PUA,JUR,RDG",55.15,13.843830755972132,55.15,13.843830755972132,,,
26545,VISAKHA EXPRESS,NS,KPU,634.0,11,"NS,KNLP,ANV,VND,KOVH,KPL,GID,STUR,MLU,RPL,KPU",54.57000000000001,5.2440013348587176,54.57000000000001,5.2440013348587176,,,
17806,GNT NS EXP,DMT,SJMA,314.0,7,"DMT,PRDT,KSK,ANE,SALR,KVM,SJMA",63.164,12.10559911776365,63.164,12.10559911776365,,,
18393,RATNACHAL EXP,HNMN,KLKA,359.0,9,"HNMN,GVI,HUP,GWM,LKSH,RAL,CPL,ODUR,KLKA",52.620000000000005,8.347829059102732,52.620000000000005,8.347829059102732,,,
27209,KRISHNA EXPRESS,SVPM,BPY,966.0,16,"SVPM,REG,GID,YLK,KVM,PMT,NDL,BTVA,HCM,BDPL,CCA,KPLH,KTCR,KDP,AKP,BPY",88.64399999999999,9.969459865007734,88.64399999999999,9.969459865007734,,,
17135,JANMABHOOMI EXP,KHT,BPP,574.0,12,"KHT,PAV,NGNT,VPL,NRP,TIU,RDG,PSA,KLDI,NRYP,TNR,BPP",88.45,6.587662711462995,88.45,6.587662711462995,,,
15008,KRISHAK EXPR,LJN,BCY,505.0,37,"LJN,LC,BNZ,BBK,BUW,JLD,CLJ,GD,MUR,MSW,BV,BST,KLD,MHH,SIPR,SWA,JTB,DMG,GKP,GKC,CC,GB,DEOS,NRA,BTT,SRU,LRD,BLTR,KER,IAA,MAU,DLR,JKN,SDT,ARJ,SRNT,BCY",48.28787878787879,29.15918440036344,52.538,8.77085343623983,2025-12-20T07:12:18.829126Z,33,https://api.railradar.in/api/v1/trains/15008/average-delay
16416,PINAKINI EXP,NLR,PSLP,694.0,17,"SJMA,CEM,MGPR,DHNE,VGH,RAL,YGD,PVPT,AVLI,ZPL,PAP,VPG,NML,CHE,CEL,MGB,KLU",72.47999999999999,12.363802902918753,72.47999999999999,12.363802902918753,,,
12524,NDLS-NJP BI-,NDLS,NJP,1499.0,18,"NDLS,GZB,MB,LKO,GD,GKP,DEOS,SV,CPR,SEE,HJP,MFP,SPJ,ROA,KGG,KIR,KNE,NJP",302.8611111111111,76.21147579734877,109.612,13.188160220440151,2025-12-20T07:12:18.829126Z,18,https://api.railradar.in/api/v1/trains/12524/average-delay
12657,MAS-SBC MAIL,MAS,SBC,360.0,8,"MAS,AJJ,KPD,JTJ,BWT,BNCE,BNC,SBC",7.428571428571429,7.650530193711933,65.646,12.92556691213194,2025-12-20T07:12:18.829126Z,7,https://api.railradar.in/api/v1/trains/12657/average-delay
18041,MEMU SPECIAL,MUM,DNV,483.0,8,"MUM,GWM,PUN,GY,BPY,CEL,PGU,DNV",83.72999999999999,10.109683476746442,83.72999999999999,10.109683476746442,,,
26810,INTERCITY EXP,NSPH,MUK,519.0,10,"NSPH,KHT,BMH,JMDG,STVA,MLU,KOU,KQA,MLGT,MUK",60.848,11.549219454144945,60.848,11.549219454144945,,,
22208,TVC-MAS AC E,TVC,MAS,904.0,11,"TVC,QLN,ALLP,ERS,TCR,PGT,CBE,ED,SA,KPD,MAS",9.454545454545455,7.098189735465033,144.134,7.748621167665901,2025-12-20T07:12:18.829126Z,11,https://api.railradar.in/api/v1/trains/22208/average-delay
22649,YERCAUD EXPR,MAS,ED,390.0,18,"MAS,PER,TRL,AJJ,SHU,WJR,KPD,GYM,AB,VN,JTJ,TPT,MAP,BDY,BQI,SA,SGE,ED",15.25,10.652660074679313,61.46,9.36595697192764,2025-12-20T07:12:18.829126Z,12,https://api.railradar.in/api/v1/trains/22649/average-delay
27107,VISAKHA EXPRESS,CCT,MUM,511.0,12,"CCT,PGRL,BDVR,MRM,VPL,BQU,MAR,NGM,ODUR,CLPE,AKAH,MUM",55.804,14.433888249532764,55.804,14.433888249532764,,,
16731,INTERCITY EXP,IPPM,VDE,451.0,9,"IPPM,JBK,PSA,SNKG,KEN,KCI,HAQ,KTCR,VDE",18.53448275862069,8.922009819273905,102.506,14.604726289800848,2025-12-20T07:12:18.829126Z,29,https://api.railradar.in/api/v1/trains/16731/average-delay
18793,KRISHNA EXPRESS,HX,PIL,511.0,12,"HX,PAM,PDKN,DHNE,SPT,KVM,PRH,MDUN,AD,KCM,PRCA,PIL",109.714,9.59582357069991,109.714,9.59582357069991,,,
20333,MEMU SPECIAL,SMLG,NLS,652.0,11,"SMLG,KMH,NSPH,MDVL,ALM,AVLI,BGNP,NDM,BVRM,VKT,NLS",129.188,14.04499092203338,129.188,14.04499092203338,,,
13926,JANMABHOOMI EXP,NDPU,TOU,493.0,12,"NDPU,RVD,VKI,VH,SAP,MPT,RLG,KPLH,SPT,VJA,JAQ,TOU",55.54600000000001,1.4970404136161422,55.54600000000001,1.4970404136161422,,,
28448,GODAVARI EXPRES,KRV,BVO,642.0,11,"KRV,TDK,STUR,RMV,GVMH,HUP,PUA,GDE,AXR,ZPL,BVO",114.626,12.912946216878623,114.626,12.912946216878623,,,
16778,VISAKHA EXPRESS,KEN,MAG,781.0,13,"KEN,PDL,BAV,NDM,REG,MDVL,NCE,PDU,KNLP,PUN,MVA,KOVH,MAG",84.366,10.597779484401434,84.366,10.597779484401434,,,
25194,RATNACHAL EXP,CCI,KCC,638.0,9,"CCI,TMLU,RCG,KRYP,AL,GPJ,VLE,TDD,KCC",124.804,4.981368285923061,124.804,4.981368285923061,,,
18748,KRISHNA EXPRESS,CU,SKM,575.0,13,"CU,VGH,GNN,KPN,MCU,CCA,KKLR,NSX,AL,CCT,PLU,TMC,SKM",81.87,11.806993690182104,81.87,11.806993690182104,,,
13313,FALAKNUMA EXP,KKLR,BZA,825.0,14,"KKLR,KRYP,BVL,SYM,KLX,PNM,TCNR,TDK,CEL,MGB,RVD,GDP,MUK,BZA",92.518,5.106473342728812,92.518,5.106473342728812,,,
12076,TVC - CLT JA,TVC,CLT,398.0,12,"TVC,VAK,QLN,KYJ,ALLP,SRTL,ERS,AWY,TCR,SRR,TIR,CLT",4.208333333333333,3.6654827634145124,63.086,2.663771761994636,2025-12-20T07:12:18.829126Z,12,https://api.railradar.in/api/v1/trains/12076/average-delay
12099,RATNACHAL EXP,SLM,TDK,487.0,9,"SLM,GPJ,PDL,PUA,BZA,RPRL,MOO,BTVA,TDK",63.14200000000001,14.740216077113658,63.14200000000001,14.740216077113658,,,
15021,SHALIMAR-GOR,SHM,GKP,1056.0,15,"SHM,KGP,TATA,PRR,BJE,GMO,GAYA,SSM,MGS,BSB,ARJ,MAU,BTT,DEOS,GKP",93.29411764705883,37.17370149776563,70.474,13.568597200889998,2025-12-20T07:12:18.829126Z,17,https://api.railradar.in/api/v1/trains/15021/average-delay
19346,PINAKINI EXP,RYP,KRAP,794.0,16,"RYP,VNM,SPE,PGDI,GGNP,BNL,RRJ,KHT,PKD,RGM,PEL,GVA,KRV,DMT,SVF,KRAP",2.227272727272727,1.5863571242377406,102.204,9.718159805230618,2025-12-20T07:12:18.829126Z,22,https://api.railradar.in/api/v1/trains/19346/average-delay
17072,GOLCONDA EXP,DVR,PYX,559.0,12,"DVR,BZA,MNPT,PTT,CTO,SLO,RPL,SLM,VDE,VPL,TMB,PYX",84.792,9.36345662669508,84.792,9.36345662669508,,,
13666,GARIB RATH,TU,VRN,914.0,16,"TU,NOSM,KO,CPL,KPN,PYA,VZM,MDKU,DMT,PDGL,NDM,GPDE,GLP,GWM,JAQ,VRN",91.024,13.038279411026588,91.024,13.038279411026588,,,
20276,GARIB RATH,GID,CMDP,525.0,11,"GID,KNRT,GPI,DUU,PAK,KRYP,MDKU,NG,PRH,SMLG,CMDP",83.034,12.813224808766911,83.034,12.813224808766911,,,
13913,RATNACHAL EXP,VAT,TMB,893.0,17,"VAT,NUJ,THY,NBM,RYP,NOSM,SAP,KVLS,PAM,GMDA,DMT,RMV,PYX,RAL,NWP,REM,TMB",69.85799999999999,7.601231479174939,69.85799999999999,7.601231479174939,,,
25243,SEVEN HILLS EXP,KUK,VGA,281.0,7,"KUK,SLO,KNLP,RMZ,KPN,ARK,VGA",60.622,10.458908642874745,60.622,10.458908642874745,,,
13798,RAYALASEEMA EXP,MLU,MDKU,426.0,8,"MLU,NLS,CEL,REM,SVPM,NUJ,NCE,MDKU",106.644,7.353531804514075,106.644,7.353531804514075,,,
21734,GNT NS EXP,LKDU,TCNR,561.0,12,"LKDU,PAVP,GZA,CVV,TLU,MRK,MUK,MUM,TGL,GVMH,TKBN,TCNR",73.584,8.388595234006702,73.584,8.388595234006702,,,
14311,BE -NBVJ EXP,BE,BHUJ,1543.0,46,"BE,MIL,RMU,MB,AMRO,HPU,PKW,GZB,DLI,DEE,DEC,PM,GGN,GHH,PTRD,RE,KRH,AWR,MKH,RHG,BKI,DO,GTJT,GADJ,JP,FL,NRI,KSG,AII,BER,MJ,FA,ABR,PNU,MSH,ADI,VG,DHG,HVD,MALB,SIOB,BCOB,GIMB,AI,AJE,BHUJ",109.56122448979592,36.618361716864875,133.43800000000002,8.660483242868157,2025-12-20T07:12:18.829126Z,49,https://api.railradar.in/api/v1/trains/14311/average-delay
16269,NARAYANADRI EXP,CLVR,SUDV,480.0,10,"CLVR,CTO,MIPM,RPCA,BLPE,IPPM,TU,PIL,TOU,SUDV",67.56800000000001,9.720731453959624,67.56800000000001,9.720731453959624,,,
23315,PRASHANTI EXP,DUU,PAV,731.0,14,"DUU,ARK,KYND,TOU,CVV,TSR,VLV,KUMU,THY,PDT,KMH,PIL,MDVL,PAV",72.312,8.741894531507459,72.312,8.741894531507459,,,
24021,MEMU SPECIAL,BVL,SPF,316.0,7,"BVL,VBL,HX,AKAH,ZPI,TUNI,SPF",32.446000000000005,12.398585806453896,32.446000000000005,12.398585806453896,,,
26676,MEMU SPECIAL,KRY,PAM,641.0,14,"KRY,TPW,NGM,SSPN,VGT,SUPP,PMT,MUM,PRDT,KCM,NRR,NSX,BUM,PAM",118.56,11.44824222315373,118.56,11.44824222315373,,,
15406,SIMHADRI EXP,KRYP,CTO,920.0,17,"KRYP,SDM,DWP,KDT,TDD,MPT,NCU,LKSH,VDE,GJJ,TOU,VLD,NLPD,EE,DVR,BSPL,CTO",72.756,9.178541823187382,72.756,9.178541823187382,,,
22486,AMARAVATI EXP,SDM,GVN,754.0,14,"SDM,DNV,YA,TGL,SPE,EDD,TAC,KCI,CIV,PAVP,KBA,VGH,KPL,GVN",136.86666666666667,31.93507302150551,107.386,7.981962791193657,2025-12-20T07:12:18.829126Z,15,https://api.railradar.in/api/v1/trains/22486/average-delay
29410,FALAKNUMA EXP,IDP,KVLS,850.0,16,"IDP,CEM,PRDT,GLU,GDR,RDG,SRPM,NLS,NYP,KCI,ODUR,KPLH,RPRL,ALM,DMM,KVLS",99.744,14.114628227480877,99.744,14.114628227480877,,,
23680,GODAVARI EXPRES,RJP,TAT,331.0,7,"RJP,GRBL,SCM,VLD,MBL,SJMA,TAT",39.62,7.603903602755626,39.62,7.603903602755626,,,
29660,RAYALASEEMA EXP,GMDA,SPF,632.0,11,"GMDA,KJJ,CGI,KAQ,STUR,APL,ANB,MAR,VKI,MAG,SPF",65.694,4.692625064929011,65.694,4.692625064929011,,,
24705,RATNACHAL EXP,PNM,AKU,601.0,14,"PNM,BVRT,TUNI,NGM,MDPD,VPU,MCU,IPM,JAQ,CMZ,CLPE,BMKD,BMH,AKU",99.306,7.003447722372176,99.306,7.003447722372176,,,
20129,GODAVARI EXPRES,AD,NKDO,549.0,10,"AD,TGL,KUK,TNR,TIU,MGPR,KPLL,MMPL,PKPU,NKDO",63.69199999999999,9.30050106177081,63.69199999999999,9.30050106177081,,,
20505,NARAYANADRI EXP,PYA,PGU,301.0,7,"PYA,TAC,PDMI,GUK,VND,TMB,PGU",26.68,37.42829945375557,59.114,5.912024188042533,2025-12-20T07:12:18.829126Z,25,https://api.railradar.in/api/v1/trains/20505/average-delay
13925,VIKRAMASIMHAPURI,GTL,ANE,489.0,11,"GTL,KLX,AKU,NASP,SIE,PRDT,VNM,CTPR,AKP,CU,ANE",57.774,11.890833864788457,57.774,11.890833864788457,,,
12814,TATA-HWH STE,TATA,HWH,253.0,9,"TATA,RHE,GTS,CKU,JGM,SUA,KGP,SRC,HWH",35.376,9.098230841457278,35.376,9.098230841457278,,,
15102,JANSADHARN,CSMT,CPR,1882.0,19,"CSMT,KYN,NK,MMR,BSL,KNW,ET,BPL,JHS,ORAI,CNB,LJN,GD,BST,GKP,DEOS,BTT,SV,CPR",169.714,13.17761852536337,169.714,13.17761852536337,,,
29882,SEVEN HILLS EXP,KPLH,STUR,672.0,14,"KPLH,ZPI,KTCR,SVF,BZA,PGU,KQA,MDKU,RDG,TGU,VBL,SCMN,CJM,STUR",65.848,12.8772462118265,65.848,12.8772462118265,,,
26223,PINAKINI EXP,PTT,BMGM,575.0,15,"PTT,KVR,NML,VMU,PUT,PGRL,BEY,MOO,BPP,CBM,PAVP,PUDI,AKVD,RMV,BMGM",108.098,8.276576586971208,108.098,8.276576586971208,,,
18557,RAYALASEEMA EXP,GPI,DNV,623.0,13,"GPI,VKZ,NRP,PYA,CHE,GVI,KMQA,ATP,KCI,GVMH,PNM,PGRL,DNV",73.424,9.22763945979686,73.424,9.22763945979686,,,
24330,SIMHADRI EXP,YLK,DPD,233.0,7,"YLK,MRK,KBM,PKD,NGM,SAB,DPD",65.782,12.143538199388182,65.782,12.143538199388182,,,
19441,GOLCONDA EXP,JBK,KYM,656.0,13,"JBK,SKM,MIPM,PKD,KKM,PDT,TLU,GZA,SSPN,NGNT,SGKM,PDU,KYM",59.56,3.481098964407647,59.56,3.481098964407647,,,
28166,GARIB RATH,AVLI,NRE,281.0,7,"AVLI,UPD,LKSH,MIPM,SLO,KLDI,NRE",75.57000000000001,11.824836151084714,75.57000000000001,11.824836151084714,,,
29808,JANMABHOOMI EXP,SNKG,EE,821.0,17,"SNKG,VGH,YLK,OTR,SJMA,BMD,NG,RML,ARK,MBD,LVK,TCNR,GALA,VAT,MYL,CPL,EE",97.292,12.67411219770442,97.292,12.67411219770442,,,
13268,GODAVARI EXPRES,SSPN,EE,892.0,15,"SSPN,TGL,AKU,MPL,KOU,NCE,NZD,KO,ANV,LKDU,SUP,PGDI,TPTY,CLX,EE",98.17,7.757686510809777,98.17,7.757686510809777,,,
27076,AMARAVATI EXP,SYM,SUPP,1004.0,15,"SYM,BKPT,MGPR,PAGM,KUMU,CJM,GMDA,SPF,CHE,JBK,PNM,CCA,KRNT,YPD,SUPP",90.912,13.223326737247325,90.912,13.223326737247325,,,
26873,JANMABHOOMI EXP,NGNT,NDL,605.0,12,"NGNT,GVL,CHE,KRV,ZPL,MLU,TKBN,LVK,DUU,CLVR,PHM,NDL",51.124,10.65183693078335,51.124,10.65183693078335,,,
23478,KRISHNA EXPRESS,PIL,TTU,878.0,17,"PIL,SVF,KVZ,PDGL,OTR,ODUR,NYP,PSPY,GGNP,SGDM,KBA,TMC,SNKG,KTV,MPT,UPD,TTU",126.08599999999998,14.328099315680353,126.08599999999998,14.328099315680353,,,
21332,NARAYANADRI EXP,KVLS,YLK,752.0,14,"KVLS,KOVH,PMD,CU,MDUN,PHM,CEM,CEL,RU,MKJ,BAV,POO,AKU,YLK",125.494,12.38302350442376,125.494,12.38302350442376,,,
26508,SIMHADRI EXP,TNRU,TSR,440.0,10,"TNRU,GZA,PDT,NDO,UKD,TNR,KPN,GWM,PDGL,TSR",101.444,11.851262801912716,101.444,11.851262801912716,,,
21838,GNT NS EXP,VSKP,JPI,304.0,7,"VSKP,KSK,PHM,KGL,AKAT,PDU,JPI",117.434,7.646027072931409,117.434,7.646027072931409,,,
23151,SESHADRI EXP,KGL,VMD,687.0,12,"KGL,EDD,SUP,SMLG,CIV,VKZ,PKPU,PVD,ATP,KPLH,VLD,VMD",63.852,12.429351149597474,63.852,12.429351149597474,,,
28246,JANMABHOOMI EXP,HX,MCU,602.0,12,"HX,VKN,SIE,KPN,CGI,PNM,VJA,KYM,KLKA,NDPU,NASP,MCU",59.984,13.101516324456496,59.984,13.101516324456496,,,
22248,GARIB RATH,EDD,VMU,286.0,7,"EDD,KVZ,MBL,NDKD,RPL,PLU,VMU",112.73,12.201155682967087,112.73,12.201155682967087,,,
19759,AMARAVATI EXP,LKDU,PLVA,623.0,12,"LKDU,GJJ,KI,SCMN,MVA,MPL,NDZ,BVM,RMZ,NZD,HNMN,PLVA",80.4,11.347407192834844,80.4,11.347407192834844,,,
21870,AMARAVATI EXP,CMZ,TMB,498.0,7,"CMZ,UNDI,LKSH,BSPL,GZL,GRBL,TMB",87.526,8.36429494936662,87.526,8.36429494936662,,,
13305,DHN-GAYA INT,DHN,GAYA,198.0,17,"DHN,TET,GMO,NMG,PNME,CCK,HZD,CBH,PSB,SMND,HRE,KQR,GJD,GAP,PRP,TKN,GAYA",13.015151515151516,7.520159621618341,57.618,10.232867144647196,2025-12-20T07:12:18.829126Z,33,https://api.railradar.in/api/v1/trains/13305/average-delay
27141,GARIB RATH,CLX,VPL,668.0,13,"CLX,KCC,MMPL,VKN,HAQ,DGB,SDM,VGA,TIM,VKT,MTM,BVM,VPL",69.888,12.652184396379942,69.888,12.652184396379942,,,
24761,AMARAVATI EXP,APT,PEL,425.0,7,"APT,VTM,KLX,VGA,NLA,NBR,PEL",66.51,7.62589011198037,66.51,7.62589011198037,,,
23880,VANDE BHARAT,PUDI,PSA,1016.0,17,"PUDI,MMS,KPLH,TPW,KO,VLV,VJA,MUK,PAK,GRBL,MAG,VND,PKD,VDE,NCE,HCM,PSA",91.398,13.9378430899476,91.398,13.9378430899476,,,
18518,VSKP-KORBA E,VSKP,KRBA,727.0,31,"VSKP,SCM,VZM,VBL,PVP,PVPT,RGDA,SPRD,THV,MNGD,AMB,NRLR,RPRD,KSNG,TIG,MRBL,KBJ,HSK,NPD,KRAR,BGBR,MSMD,R,TLD,BYT,BYL,BSP,AKT,NIA,CPH,KRBA",29.956521739130434,17.929762143162886,114.814,10.690457427070177,2025-12-20T07:12:18.829126Z,23,https://api.railradar.in/api/v1/trains/18518/average-delay
29634,CIRCAR EXPRESS,TNRU,BMGM,465.0,7,"TNRU,RLG,LKDU,KRYP,DMM,BMH,BMGM",88.524,9.494578979607258,88.524,9.494578979607258,,,
18239,GAD-NGP SHIV,GAD,NGP,520.0,31,"GAD,KRBA,URGA,SRBA,MWRN,KTHD,BPRH,CPH,NIA,KPNA,AKT,KTSH,JRMG,BSP,BYL,BYT,TLD,R,BIA,BPHB,DURG,RJN,DGG,AGN,G,TRO,TMR,BRD,KP,ITR,NGP",27.153846153846153,23.822972603532058,75.898,11.72226812523924,2025-12-20T07:12:18.829126Z,26,https://api.railradar.in/api/v1/trains/18239/average-delay
25770,VANDE BHARAT,LKDU,AL,659.0,14,"LKDU,MDPD,BMKD,SDM,ALM,GPDE,TAT,BVRM,UPL,SMLG,MDVL,DMM,MLGT,AL",89.306,9.685560386472226,89.306,9.685560386472226,,,
14403,NARAYANADRI EXP,MNPT,KEN,541.0,9,"MNPT,TPW,PVD,AXR,KBA,KSTE,MGPR,VGH,KEN",139.298,11.623109308614463,139.298,11.623109308614463,,,
27985,SEVEN HILLS EXP,ESV,PDT,314.0,7,"ESV,NMLU,VGT,PDKN,AKP,KGL,PDT",94.07,8.956369242053388,94.07,8.956369242053388,,,
28935,JANMABHOOMI EXP,YGD,NS,215.0,7,"YGD,PSDA,KHT,GLP,VND,KO,NS",57.25,14.056388227421722,57.25,14.056388227421722,,,
21385,RATNACHAL EXP,KBA,THY,603.0,12,"KBA,GPI,KCD,MAR,RPCA,BVRM,VTM,SGKM,SAB,BQU,MUM,THY",81.436,14.358458482720216,81.436,14.358458482720216,,,
20557,SIMHADRI EXP,MVP,PDL,721.0,13,"MVP,KVM,PAVP,KGL,GVI,COA,CTO,RDG,ALAT,KHT,SJMA,MPL,PDL",83.24600000000001,7.730470878284191,83.24600000000001,7.730470878284191,,,
21238,PRASHANTI EXP,TU,SLM,616.0,13,"TU,SGDM,GNT,BVRM,CCA,RAL,PRDT,KAQ,RMV,SMLG,PGU,RLG,SLM",48.914,4.379586738494854,48.914,4.379586738494854,,,
22088,JANMABHOOMI EXP,TMLU,VJA,528.0,10,"TMLU,NKDO,PIL,NLR,OBVP,KRYP,KTV,GZA,SJMA,VJA",82.634,7.039057465314513,82.634,7.039057465314513,,,
15913,JANMABHOOMI EXP,SUP,KGL,833.0,15,"SUP,BZA,OBVP,KYM,VLD,DKSA,GZA,DWP,SLO,BGNP,NDM,NLS,EKM,KDP,KGL",135.06199999999998,16.81007644241989,135.06199999999998,16.81007644241989,,,
26881,GODAVARI EXPRES,GGNP,MCLE,338.0,8,"GGNP,GTLM,GMDA,BUM,HX,KUMU,MGPR,MCLE",85.072,12.058130866763722,85.072,12.058130866763722,,,
19116,BHUJ DDR EXP,BHUJ,DDR,843.0,29,"BHUJ,AJE,AI,GIMB,BCOB,SIOB,MALB,HVD,DHG,VG,ADI,MAN,ND,ANND,BRC,VS,MYG,PLJ,BH,AKV,KSB,ST,NVS,BIM,BL,VAPI,DRD,BVI,DDR",77.836,11.671941997799683,77.836,11.671941997799683,,,
14461,GODAVARI EXPRES,DNV,SKM,372.0,7,"DNV,VDI,JMDG,RLG,MVA,CLX,SKM",82.184,13.935061176758428,82.184,13.935061176758428,,,
19652,INTERCITY EXP,PNM,UNDI,898.0,14,"PNM,VPU,GDP,DHNE,RAL,TIM,KPU,NZD,GNT,LVK,TU,NRP,TEK,UNDI",55.242,3.111417683307723,55.242,3.111417683307723,,,
24808,MEMU SPECIAL,MOO,TMPM,389.0,8,"MOO,VGH,ASP,GVL,MVW,KEF,SCM,TMPM",80.426,6.372435170325387,80.426,6.372435170325387,,,
18401,PURI-OKHA WE,PURI,OKHA,2779.0,41,"PURI,SIL,KUR,BALU,CAP,BAM,PSA,CHE,VZM,VSKP,AKP,SLO,RJY,EE,BZA,WL,RDM,MCI,SKZR,BPQ,CD,WR,BD,AK,SEG,MKU,BSL,JL,AN,NDB,ST,BRC,ADI,VG,SUNR,RJT,HAPA,JAM,KMBL,DWK,OKHA",214.458,12.328891677681325,214.458,12.328891677681325,,,
24890,RAYALASEEMA EXP,DNV,RYP,402.0,9,"DNV,CVV,MCLE,BMKD,KYND,UKD,PUMU,PVP,RYP",58.59400000000001,14.114173018636269,58.59400000000001,14.114173018636269,,,
15277,SEVEN HILLS EXP,BUM,KQA,603.0,13,"BUM,STUR,GVMH,DKSA,RVD,ASP,VPG,MPT,BDPL,RPL,UPL,MAG,KQA",117.422,8.767472269702363,117.422,8.767472269702363,,,
16865,GARIB RATH,NDD,NSPH,210.0,7,"NDD,BAV,MCLE,BVRM,BDVR,MRK,NSPH",7.03125,6.228635359169775,62.414,15.419191937322788,2025-12-20T07:12:18.829126Z,16,https://api.railradar.in/api/v1/trains/16865/average-delay
27682,SESHADRI EXP,KVR,PUT,388.0,8,"KVR,SSPN,SDV,SF,TKU,SLM,VSKP,PUT",100.266,12.692361088465768,100.266,12.692361088465768,,,
22351,PPTA - YPR E,PPTA,YPR,2706.0,28,"PPTA,DNR,MGS,MZP,ACOI,STA,KTE,JBP,ET,BZU,PAR,NGP,CD,BPQ,SKZR,RDM,WL,KMT,BZA,OGL,NLR,GDR,MAS,AJJ,KPD,JTJ,KJM,YPR",25.4,24.44667666575561,163.082,8.801804928535974,2025-12-20T07:12:18.829126Z,15,https://api.railradar.in/api/v1/trains/22351/average-delay
16013,SEVEN HILLS EXP,GVI,KJJ,461.0,9,"GVI,TDD,VPL,DGB,TGL,TMC,DHNE,PCU,KJJ",50.114,8.775558671674418,50.114,8.775558671674418,,,
19618,AMARAVATI EXP,KKM,BTTR,518.0,11,"KKM,AD,EE,BMGM,LIN,NUJ,GTLM,VKI,BDVR,PRH,BTTR",31.982758620689655,10.512293918288941,70.588,15.776508485720155,2025-12-20T07:12:18.829126Z,29,https://api.railradar.in/api/v1/trains/19618/average-delay
12691,MAS-SSPN EXP,MAS,SSPN,528.0,11,"MAS,AJJ,SHU,KPD,AB,JTJ,BWT,KJM,BNC,SBC,SSPN",0.0,0.0,47.8,11.004285528829213,2025-12-20T07:12:18.829126Z,1,https://api.railradar.in/api/v1/trains/12691/average-delay
29560,SESHADRI EXP,MDVL,ALM,833.0,17,"MDVL,GVN,KJJ,PDKN,MLK,BZA,SIE,SUDV,NGJA,CPP,DIG,AL,POA,RCA,PSA,THY,ALM",94.86,8.36290320403148,94.86,8.36290320403148,,,
22159,INTERCITY EXP,BUM,SGKM,1116.0,17,"BUM,PHM,NDZ,SUPP,PVPT,EDD,CEL,DMM,NWP,GNT,JKO,KPN,COA,RMV,DKSA,ATP,SGKM",107.171875,25.878806898394195,78.71000000000001,8.553902618103624,2025-12-20T07:12:18.829126Z,32,https://api.railradar.in/api/v1/trains/22159/average-delay
27484,VIKRAMASIMHAPURI,TPW,PRH,850.0,14,"TPW,PVP,SRPM,ANE,PSDA,NLPD,GTLM,PSA,LVK,HCM,RLG,PGU,BGNP,PRH",134.568,13.726240198976564,134.568,13.726240198976564,,,
15212,ASR- DBG JAN,ASR,DBG,1486.0,46,"ASR,BEAS,JUC,PGW,PHR,LDH,DDL,SIR,RPJ,UMB,YJUD,SRE,LRJ,NBD,MB,BE,SPN,MINJ,SPC,SCC,MMB,BUW,GD,BST,GKP,CPJ,GH,SBZ,KZA,BUG,HIR,NKE,CAI,BTH,SGL,BMKI,CAA,MAI,MTR,MFP,DOL,KPGM,SPJ,HYT,LSI,DBG",127.0111111111111,70.79755872194785,122.072,4.098605860533556,2025-12-20T07:12:18.837483Z,45,https://api.railradar.in/api/v1/trains/15212/average-delay
29638,NARAYANADRI EXP,TUNI,PDT,819.0,15,"TUNI,LIN,RCA,CJM,SCM,BZA,GDE,PYX,RAL,VSKP,MCVM,NRYP,STVA,PUDI,PDT",91.32,4.166095294157344,91.32,4.166095294157344,,,
20402,JANMABHOOMI EXP,KSTE,PKPU,716.0,15,"KSTE,LKDU,POA,VNM,BMGM,LKSH,MCLE,MMPL,CCA,JUR,RLG,GPY,PDL,GDP,PKPU",15.1875,9.027518692863504,88.94200000000001,12.711125835267309,2025-12-20T07:12:18.837974Z,8,https://api.railradar.in/api/v1/trains/20402/average-delay
27502,SEVEN HILLS EXP,UPD,PDGL,814.0,14,"UPD,GPU,AKU,BTVA,BEY,KLKA,VDI,AVLI,CMDP,CLU,TADA,VPG,BDPL,PDGL",71.364,9.886214138890582,71.364,9.886214138890582,,,
27152,PRASHANTI EXP,YPD,ALAT,926.0,17,"YPD,BDVR,YLM,KPL,VLV,MCVM,PHM,PLVA,KRV,GMA,RPL,EE,MLGT,VPG,YGD,MYL,ALAT",74.162,8.073928411869904,74.162,8.073928411869904,,,
25592,JANMABHOOMI EXP,CLU,MCU,514.0,10,"CLU,SDV,KLU,PEL,SJL,REG,RCA,TCNR,SLM,MCU",59.818,11.945583702774844,59.818,11.945583702774844,,,
22959,JAMNAGAR INT,ST,JAM,556.0,21,"ST,KIM,KSB,AKV,BH,MYG,BRC,ANND,ND,MHD,ADI,SBT,CLDY,VG,SUNR,THAN,WKR,RJT,PDH,HAPA,JAM",12.833333333333334,6.5157927802805045,64.7,12.58162946521634,2025-12-20T07:12:18.837974Z,15,https://api.railradar.in/api/v1/trains/22959/average-delay
19127,AMARAVATI EXP,KRV,DWP,414.0,8,"KRV,RBCS,KOLA,PGU,CKV,MADU,DGDG,DWP",38.318,12.235289943438202,38.318,12.235289943438202,,,
12340,COALFIELD EX,DHN,HWH,259.0,13,"DHN,KMME,BRR,ULT,STN,ASN,RNG,UDL,OYR,DGR,PAN,MNAE,HWH",10.73076923076923,4.893541208790438,61.902,10.696140425405792,2025-12-20T07:12:18.839480Z,13,https://api.railradar.in/api/v1/trains/12340/average-delay
13813,PRASHANTI EXP,CBM,PAV,453.0,9,"CBM,SLO,ASP,TMC,JKO,KLDI,PDL,BNL,PAV",62.102,9.41810862116168,62.102,9.41810862116168,,,
19184,VISAKHA EXPRESS,KDT,PAP,645.0,13,"KDT,PIL,REM,NGM,GLU,ZPL,OBM,PSA,KCM,YA,KRAP,NLPD,PAP",79.50399999999999,5.615312101744655,79.50399999999999,5.615312101744655,,,
22542,CIRCAR EXPRESS,KLX,COA,874.0,15,"KLX,VRN,GJJ,RRJ,BGHU,MBD,RBCS,MMS,ZPI,MCU,GZA,SUPP,TAC,KEN,COA",143.77777777777777,70.91274415752515,119.08599999999998,8.746103703935828,2025-12-20T07:12:18.839480Z,9,https://api.railradar.in/api/v1/trains/22542/average-delay
19675,JANMABHOOMI EXP,KLKA,KOU,870.0,13,"KLKA,JKO,NRT,PAK,ANV,VDI,MUM,GMDA,SPF,SSPN,MUK,PAV,KOU",100.758,13.512827979368351,100.758,13.512827979368351,,,
17928,VANDE BHARAT,CCA,KQA,566.0,10,"CCA,SPT,NRT,AL,MRM,PAP,TEL,ULM,EKM,KQA",53.85,11.650815422106726,53.85,11.650815422106726,,,
12698,TVC-MAS EXP,TVC,MAS,903.0,14,"TVC,KZK,QLN,TRVL,KTYM,ERN,TCR,PGT,PTJ,ED,SA,JTJ,KPD,MAS",6.0,6.3760368689214895,67.22999999999999,12.326201766967795,2025-12-20T07:12:18.839480Z,13,https://api.railradar.in/api/v1/trains/12698/average-delay
15652,GHY-JAT LOHI,JAT,GHY,2348.0,43,"JAT,KTHU,PTKC,JRC,LDH,UMB,YJUD,SRE,RK,LRJ,MB,BE,HRI,LKO,GD,BST,GKP,DEOS,BTT,SV,CPR,SEE,HJP,DES,MNO,SPP,MOG,BJU,BGS,KGG,MNE,NNA,CRR,KIR,KNE,NJP,DQG,NCB,NOQ,NBQ,RNY,KYQ,GHY",202.54545454545453,64.76178535969501,213.278,9.057031522524367,2025-12-20T07:12:18.840488Z,44,https://api.railradar.in/api/v1/trains/15652/average-delay
26555,GODAVARI EXPRES,KSK,KOVH,754.0,15,"KSK,MNPT,ALM,MPL,UPD,PDU,ZPL,PNM,NSPH,PGU,ARKV,DVR,NDM,VKN,KOVH",63.622,7.247066302994609,63.622,7.247066302994609,,,
21987,GODAVARI EXPRES,KPLL,GTLM,447.0,9,"KPLL,KGL,OBM,MDVL,TEK,SLM,BNL,GZL,GTLM",98.694,11.219248192280975,98.694,11.219248192280975,,,
16828,RATNACHAL EXP,VMD,MTM,793.0,12,"VMD,UGD,BTTR,KCI,GPJ,PAVP,DMM,APL,BMGM,TLU,VML,MTM",140.844,13.196915548718197,140.844,13.196915548718197,,,
27029,PINAKINI EXP,NGNT,DGB,720.0,12,"NGNT,GVMH,MDKU,KI,TEL,TLU,UKD,CPL,KSTE,NRT,MADU,DGB",79.724,6.497921206047369,79.724,6.497921206047369,,,
15395,INTERCITY EXP,BVL,LKSH,413.0,7,"BVL,GKM,TEL,MPL,BPP,CCA,LKSH",76.304,13.727544572865163,76.304,13.727544572865163,,,
15889,AMARAVATI EXP,JPI,KUMU,817.0,15,"JPI,NGM,PAV,EDD,LKSH,PKPU,TTU,GVA,GMDA,ARK,DGB,KTV,MCLE,MADU,KUMU",135.988,10.992712131225847,135.988,10.992712131225847,,,
17919,KRISHNA EXPRESS,KJJ,TGL,907.0,16,"KJJ,MBL,DMM,NGJA,NLS,PLVA,MAR,VND,KGL,NSX,GALA,PPM,RPCA,KLX,AKVD,TGL",87.17999999999999,11.091244294487437,87.17999999999999,11.091244294487437,,,
27585,PRASHANTI EXP,VPG,KLU,619.0,11,"VPG,SALR,DUU,CHE,JPI,KLX,RDG,KBM,NCE,RAM,KLU",61.634,10.522981041511008,61.634,10.522981041511008,,,
26471,GODAVARI EXPRES,RPRL,GPJ,393.0,9,"RPRL,ARKV,TNRU,APL,UPL,TSR,TU,NOSM,GPJ",13.0,7.593857166596345,59.65,8.557499634823248,2025-12-20T07:12:18.840488Z,9,https://api.railradar.in/api/v1/trains/26471/average-delay
17998,RAYALASEEMA EXP,PAK,KVDU,729.0,15,"PAK,PMD,CGI,KDUH,KOU,MMPL,STUR,HX,KVZ,PKPU,BMH,REG,PDGL,OTR,KVDU",101.236,14.641490019803303,101.236,14.641490019803303,,,
27450,FALAKNUMA EXP,TPTY,RJP,683.0,12,"TPTY,CCA,RLO,BMD,DIG,CKV,NLS,SPT,LVK,MRK,DKD,RJP",56.31,10.82823854558072,56.31,10.82823854558072,,,
24143,VISAKHA EXPRESS,AKVD,PVPT,824.0,14,"AKVD,COA,NDZ,ODUR,VGT,LMD,BMD,KSTE,SRPM,RJP,VKT,NRP,KVDU,PVPT",84.52799999999999,11.914101728623937,84.52799999999999,11.914101728623937,,,
25626,SIMHADRI EXP,PTT,GMDA,584.0,11,"PTT,GVMH,PSDA,GUK,KCC,CCA,TOU,MDKU,PAGM,VLV,GMDA",119.908,14.542144614877136,119.908,14.542144614877136,,,
21278,INTERCITY EXP,TPW,LKSH,539.0,10,"TPW,MLK,SUPP,PVD,ASP,CLVR,GDE,PVP,DVR,LKSH",75.224,3.3941096034158904,75.224,3.3941096034158904,,,
19549,SESHADRI EXP,PDMI,VPU,842.0,17,"PDMI,DCU,DNV,NRT,DWP,GDV,PKO,KCM,KVM,MGV,PMT,AKU,UKD,VGA,PHM,TMB,VPU",92.434,11.732004517557945,92.434,11.732004517557945,,,
19074,GOLCONDA EXP,NBM,MDPD,687.0,14,"NBM,KLKA,SNKG,VPG,MPL,MUM,CLVR,KHT,KPL,PKD,COA,KMH,TPW,MDPD",83.512,14.82713121274646,83.512,14.82713121274646,,,
26452,FALAKNUMA EXP,MGV,YLM,765.0,17,"MGV,AKAT,KUMU,GLU,NMLU,KVR,NDZ,NRR,DUSI,TKU,KO,PKPU,SPE,PGRL,JPI,YLK,YLM",119.112,5.696153965615748,119.112,5.696153965615748,,,
21814,GOLCONDA EXP,SCM,NML,609.0,11,"SCM,VPG,TCNR,NDD,KLDI,DWP,AL,PSPY,PDSN,VML,NML",78.46000000000001,8.329666860085107,78.46000000000001,8.329666860085107,,,
27402,AMARAVATI EXP,GJJ,RPL,403.0,8,"GJJ,MLU,STVA,KBA,CLVR,NSX,MIPM,RPL",54.282,9.049155761727173,54.282,9.049155761727173,,,
20462,PINAKINI EXP,VLE,DVD,464.0,10,"VLE,ARK,RYP,MADU,NDPU,MDUN,REM,BQU,PUT,DVD",49.782,15.675559639132508,49.782,15.675559639132508,,,
23173,KRISHNA EXPRESS,CIV,PAV,340.0,7,"CIV,MDVL,BVRT,MUM,CTO,MMPL,PAV",107.614,13.574909944452672,107.614,13.574909944452672,,,
18832,GNT NS EXP,NZD,LKSH,707.0,15,"NZD,SJL,GMA,ALAT,KNRT,PDU,HVM,MTM,KCM,NUJ,DVR,POO,ANE,BMKD,LKSH",116.19,14.037629785686756,116.19,14.037629785686756,,,
12153,LTT-HBJ EXPR,LTT,HBJ,820.0,10,"LTT,TNA,KYN,IGP,BSL,KNW,HD,ET,HBD,HBJ",10.11111111111111,12.74706453741361,73.696,10.550394779343565,2025-12-20T07:12:18.840488Z,9,https://api.railradar.in/api/v1/trains/12153/average-delay
23178,GNT NS EXP,STUR,EDD,422.0,9,"STUR,IPPM,MBL,VGA,DNV,RMZ,UNDI,VDD,EDD",121.196,10.37452794106798,121.196,10.37452794106798,,,
14206,DLI-FD EXPRE,DLI,FD,614.0,11,"DLI,GZB,HPU,MB,RMU,BE,SPN,LKO,BBK,DYD,FD",42.63636363636363,36.70588936464538,132.392,12.858859591736737,2025-12-20T07:12:18.841489Z,11,https://api.railradar.in/api/v1/trains/14206/average-delay
22201,DURONTO EXPR,SDAH,PURI,527.0,3,"SDAH,KGP,PURI",47.04,15.354896613132894,47.04,15.354896613132894,,,
21233,SIMHADRI EXP,CLU,GPY,455.0,7,"CLU,PYA,IPM,VRN,NRE,VSKP,GPY",120.31,11.282360125434757,120.31,11.282360125434757,,,
26000,TIRUMALA EXP,KEF,MOO,481.0,8,"KEF,GID,TDK,GDE,TDD,PGU,MPL,MOO",68.462,10.224224664980715,68.462,10.224224664980715,,,
19260,BVC KCVL EXP,BVC,KCVL,2270.0,41,"BVC,SOJN,DLJ,BTD,JVN,ADI,ND,ANND,BRC,AKV,ST,BSR,PNVL,ROHA,CHI,RN,SNDD,THVM,MAO,KAWR,KT,BYNR,UD,MAJN,KGQ,PAY,CAN,TLY,BDJ,CLT,TIR,SRR,TCR,AWY,ERN,KTYM,TRVL,CNGR,KYJ,QLN,KCVL",30.5375,23.626094551364176,181.868,10.990228387071852,2025-12-20T07:12:18.841489Z,40,https://api.railradar.in/api/v1/trains/19260/average-delay
27828,TIRUMALA EXP,MTM,PRH,658.0,11,"MTM,UKD,BMGM,CHE,NLR,VJA,KTV,NML,VPU,SPT,PRH",90.262,13.837227684764027,90.262,13.837227684764027,,,
17880,TIRUMALA EXP,BBPM,MLGT,281.0,8,"BBPM,PRCA,TNR,ANB,DUSI,SMLG,UKD,MLGT",51.848,10.942936991502789,51.848,10.942936991502789,,,
15739,GODAVARI EXPRES,NZD,SPE,443.0,10,"NZD,GID,CTO,VGT,EDD,VPU,ASP,HAQ,OGL,SPE",66.082,11.549208630897615,66.082,11.549208630897615,,,
26232,SEVEN HILLS EXP,UKD,BUM,905.0,17,"UKD,GTLM,KNLP,DUU,NSPH,PUN,MTM,SCM,RPL,JMDG,VPU,CPP,KPLH,NUJ,RAM,GNN,BUM",115.256,5.391593456483897,115.256,5.391593456483897,,,
19456,AMARAVATI EXP,RLG,RJY,236.0,7,"RLG,MMPL,YGD,REG,SUP,SNM,RJY",58.760000000000005,8.11436072651444,58.760000000000005,8.11436072651444,,,
26393,KRISHNA EXPRESS,KLKA,TMC,551.0,11,"KLKA,SUDV,MBL,VPL,KEF,KVLS,KPLL,PUN,REG,BQU,TMC",67.55,9.61883828744408,67.55,9.61883828744408,,,
22269,RAYALASEEMA EXP,PUA,CJM,339.0,7,"PUA,BVRT,DGDG,PRCA,RYP,VPG,CJM",42.238,9.613228906044004,42.238,9.613228906044004,,,
22275,PRASHANTI EXP,GJJ,NDPU,307.0,8,"GJJ,IDP,STVA,AKU,PAVP,CVV,POO,NDPU",112.016,13.943167860999168,112.016,13.943167860999168,,,
12788,MEMU SPECIAL,KO,HAQ,702.0,12,"KO,CBM,MRK,BGHU,NDD,RPRL,KLU,RML,PCL,KRV,TAC,HAQ",22.214285714285715,15.361184407283112,117.872,12.069835127291505,2025-12-20T07:12:18.841489Z,21,https://api.railradar.in/api/v1/trains/12788/average-delay
13719,NARAYANADRI EXP,GY,VML,645.0,15,"GY,DKD,KVM,BGHU,KNRT,NDPU,VPL,PDT,VRVL,NLPD,IDP,KPL,AVLI,CEL,VML",75.012,9.669869182155464,75.012,9.669869182155464,,,
24380,PRASHANTI EXP,KCD,KRYP,331.0,7,"KCD,KLU,KNLP,TDK,CTPR,VGT,KRYP",73.846,13.926185048318148,73.846,13.926185048318148,,,
14867,RATNACHAL EXP,BDVR,MCU,410.0,8,"BDVR,AVLI,RAL,PAM,ARK,NYP,DIG,MCU",69.75,11.010056766429496,69.75,11.010056766429496,,,
25556,GNT NS EXP,ALAT,BAV,335.0,7,"ALAT,MIPM,PLU,VLV,LIN,IPM,BAV",51.246,16.221069015326947,51.246,16.221069015326947,,,
14423,MEMU SPECIAL,CLX,MMS,576.0,9,"CLX,RMV,CIV,GDE,ATP,PRDT,PCL,PDT,MMS",88.736,11.83918198187695,88.736,11.83918198187695,,,
17269,INTERCITY EXP,DKSA,ATP,389.0,8,"DKSA,NASP,DMM,MCVM,NDZ,HUP,PIL,ATP",16.692307692307693,10.705028404263794,101.82,11.2602952892009,2025-12-20T07:12:18.842489Z,13,https://api.railradar.in/api/v1/trains/17269/average-delay
18889,CIRCAR EXPRESS,TLU,UKD,532.0,11,"TLU,NDZ,KJJ,KNRT,KEF,KMH,RBCS,AVLI,KCC,VLD,UKD",86.306,7.521019212846087,86.306,7.521019212846087,,,
14924,SESHADRI EXP,KCM,DVR,641.0,12,"KCM,NDO,GPU,GVL,GPI,NLR,PAP,VKI,HX,KVZ,VGA,DVR",66.13199999999999,8.493860724075951,66.13199999999999,8.493860724075951,,,
26956,MEMU SPECIAL,RVD,SJMA,551.0,10,"RVD,ARK,EKM,GMA,KQA,GALA,KDP,SUP,KUK,SJMA",86.646,6.418136801284307,86.646,6.418136801284307,,,
15937,JANMABHOOMI EXP,CCA,ESV,513.0,10,"CCA,GNN,KCI,NDM,YLK,PDU,GVL,PKO,PCU,ESV",63.914,9.16158992751804,63.914,9.16158992751804,,,
19895,SIMHADRI EXP,GPDE,JAQ,416.0,7,"GPDE,GNT,PAV,TEL,STUR,IPPM,JAQ",51.174,9.959672685384795,51.174,9.959672685384795,,,
12504,KYQ - BNC HU,KYQ,BNC,3032.0,23,"KYQ,NBQ,NJP,KNE,MLDT,RPH,HWH,KGP,BHC,CTC,BBS,KUR,BAM,PSA,CHE,VZM,VSKP,DVD,BZA,PER,KPD,WFD,BNC",68.69354838709677,62.658016687020066,218.216,10.764524141828106,2025-12-20T07:12:18.842489Z,31,https://api.railradar.in/api/v1/trains/12504/average-delay
28921,VANDE BHARAT,GWM,NASP,980.0,16,"GWM,COA,KUK,TMB,DKD,SCMN,BSPL,PMT,SDV,NML,SIE,JMDG,PDL,GVA,CIV,NASP",86.976,13.827314634447282,86.976,13.827314634447282,,,
23014,JANMABHOOMI EXP,NKDO,GKM,360.0,7,"NKDO,JBK,PHM,MLU,RLG,TNRU,GKM",91.85,9.988375743833435,91.85,9.988375743833435,,,
27711,CIRCAR EXPRESS,VPG,NLA,963.0,17,"HVM,PKPU,OGL,PCU,KRYP,KYND,MKJ,ATP,YGD,ODUR,SPF,GLP,KVZ,KPLH,BNL,CJM,PYA",101.877,29.00098161173936,101.877,29.00098161173936,,,
23223,TIRUMALA EXP,CEM,APT,814.0,16,"CEM,BBPM,MVW,LKDU,GJJ,PYA,CLX,GVL,GID,UKD,KSTE,KVDU,VDD,NZD,SLM,APT",91.624,14.33604303843986,91.624,14.33604303843986,,,
13148,UTTAR BANGA,NCB,SDAH,692.0,24,"NCB,FLK,DQG,JPE,NJP,AUB,KNE,DLK,BOE,KDPR,SM,MLDT,NFK,PKR,NHT,RPH,SNT,AMP,BHP,GKH,BWN,DAKE,BNXR,SDAH",34.375,13.915107198053967,53.608,12.539153480199532,2025-12-20T07:12:18.842489Z,24,https://api.railradar.in/api/v1/trains/13148/average-delay
14113,ALD-DDN LINK,ALJN,DDN,360.0,15,"ALJN,RG,BBA,CH,RJK,MB,KNT,SEO,DPR,NGG,NBD,CNK,LRJ,HW,DDN",95.95652173913044,51.357212999072836,71.05,10.664157256905025,2025-12-20T07:12:18.843488Z,23,https://api.railradar.in/api/v1/trains/14113/average-delay
29492,INTERCITY EXP,DNV,NLS,467.0,11,"DNV,KHT,CPP,CCI,GLP,UGD,GPJ,PEL,PKD,PDT,NLS",78.03,13.686644950461744,78.03,13.686644950461744,,,
29684,TIRUMALA EXP,NOSM,UNDI,559.0,10,"NOSM,MNPT,KYM,GWM,GPY,NUJ,VGH,PUA,NGNT,UNDI",69.294,7.808558125544047,69.294,7.808558125544047,,,
17741,RATNACHAL EXP,PCL,MRK,560.0,10,"PCL,PRCA,NRE,CGI,GTLM,VAT,VKI,KNRT,RCA,MRK",74.532,17.087419933974818,74.532,17.087419933974818,,,
20244,GODAVARI EXPRES,PRH,PUMU,522.0,9,"PRH,PSPY,PAP,NOSM,BNL,ANV,NRP,AKVD,PUMU",118.716,13.471307657387978,118.716,13.471307657387978,,,
23362,SESHADRI EXP,ATP,GTLM,818.0,16,"ATP,MAG,GPY,SDM,KRNT,ULM,KQA,PDKN,RMZ,VKT,SRPM,NRE,KOVH,CHE,GPDE,GTLM",63.89,12.157567602115158,63.89,12.157567602115158,,,
27810,TUNGABHADRA EXP,BVL,PSA,617.0,13,"BVL,NRT,JAQ,KDUH,PNM,RGM,GVL,NRR,GVN,TEK,ZPL,KGL,PSA",119.346,10.665680006450597,119.346,10.665680006450597,,,
26746,RATNACHAL EXP,NLPD,VLE,557.0,11,"NLPD,BMKD,BPP,KMH,KJJ,GDE,OGL,KBA,PCL,MAG,VLE",68.736,8.263333467796153,68.736,8.263333467796153,,,
28143,GOLCONDA EXP,VLD,HCM,460.0,10,"VLD,MDKU,VDD,TSR,TTU,CEL,GGNP,KKLR,IPPM,HCM",80.488,10.182147121309924,80.488,10.182147121309924,,,
19085,SESHADRI EXP,MLK,KCC,344.0,10,"MLK,GPI,OTR,GZA,VDD,TUNI,TMC,KGL,PDKN,KCC",49.086,7.661692371793584,49.086,7.661692371793584,,,
28125,MEMU SPECIAL,VGA,NUJ,633.0,13,"VGA,MCVM,MKR,GUK,REM,KAQ,NMLU,ATP,ALAT,HX,MUK,VKT,NUJ",114.56,10.028402165848757,114.56,10.028402165848757,,,
13692,MEMU SPECIAL,RMV,ULM,832.0,14,"RMV,JKO,SIE,TU,PLU,MADU,KPN,PSLP,NDKD,MALM,NUJ,VND,NLR,ULM",70.81,12.627858092329046,70.81,12.627858092329046,,,
23637,SEVEN HILLS EXP,BTTR,STVA,782.0,14,"BTTR,PAM,GDR,PNM,MRK,YGD,NBM,PVD,NLS,TAC,REG,NDD,SPT,STVA",80.71000000000001,8.347272009465128,80.71000000000001,8.347272009465128,,,
12671,MAS-MTP NILA,MAS,MTP,526.0,9,"MAS,AJJ,KPD,SA,ED,TUP,CBF,CBE,MTP",12.944444444444445,7.970237848271825,111.608,14.349194054022696,2025-12-20T07:12:18.843488Z,9,https://api.railradar.in/api/v1/trains/12671/average-delay
24581,VIKRAMASIMHAPURI,VDD,SCM,818.0,16,"VDD,SIE,RDG,KVLS,VLV,TEK,UKD,TCNR,DUSI,MPT,KBM,SDV,TMLU,GPY,TSR,SCM",135.442,9.056570542981486,135.442,9.056570542981486,,,
16143,AMARAVATI EXP,POA,MMPL,671.0,12,"POA,ARK,KOLA,MADU,VZM,VDI,NYP,VKT,KCD,ZPI,VGT,MMPL",73.008,11.539879548764794,73.008,11.539879548764794,,,
21887,GNT NS EXP,MRK,KUMU,441.0,10,"MRK,RCA,GALA,UPD,UNDI,RPCA,PUA,MRM,DUSI,KUMU",63.464,12.692953950913076,63.464,12.692953950913076,,,
16657,GOLCONDA EXP,IPM,RLL,501.0,8,"IPM,MPT,KRYP,APT,BEY,PSLP,BGHU,RLL",47.898,9.372383368172686,47.898,9.372383368172686,,,
23620,GODAVARI EXPRES,ANE,GDE,772.0,16,"ANE,TNR,CGI,KUMU,BVM,PAVP,SUP,NWP,PGRL,TMB,CEL,ASP,KRAP,DGDG,TSR,GDE",66.678,7.715197340314763,66.678,7.715197340314763,,,
28857,GODAVARI EXPRES,PKD,TIM,685.0,14,"PKD,GTL,REM,MKR,MTM,TSR,PNM,KVLS,NRE,PVP,YADA,GRBL,KCM,TIM",61.198,8.784441928773848,61.198,8.784441928773848,,,
12709,GDR-SC SIMHA,GDR,SC,651.0,17,"GDR,VDE,NLR,BTTR,KVZ,SKM,OGL,CLX,BPP,TEL,BZA,MDR,KMT,MABD,WL,KZJ,SC",24.625,10.851987145219073,57.276,13.62183100761421,2025-12-20T07:12:18.843488Z,16,https://api.railradar.in/api/v1/trains/12709/average-delay
21111,VISAKHA EXPRESS,BPY,PAVP,494.0,12,"BPY,NRE,PUT,LKDU,JPI,SGKM,VSKP,BLPE,KVDU,SNM,RCA,PAVP",75.628,12.618550629925764,75.628,12.618550629925764,,,
12828,PRR HWH EXPR,PRR,HWH,323.0,15,"PRR,ANR,ADRA,JPH,BQA,ODM,VSU,GBA,CDGR,SLB,MDN,GMDN,KGP,SRC,HWH",55.486,11.929871332080658,55.486,11.929871332080658,,,
13226,RJPB-JYG INT,RJPB,JYG,264.0,20,"RJPB,PNC,FUT,BKP,BARH,MKA,BJU,BCA,DSS,SPJ,RBZ,HYT,LSI,DBG,SKI,PDW,MBI,RJA,KJI,JYG",21.32608695652174,13.635478575849055,24.858,11.200735243723956,2025-12-20T07:12:18.844488Z,23,https://api.railradar.in/api/v1/trains/13226/average-delay
15153,RAYALASEEMA EXP,OGL,GPJ,682.0,16,"OGL,KYM,PYX,VNM,GDE,CPL,PRCA,RAM,LIN,BTTR,VLE,IDP,BUM,NDD,EDD,GPJ",120.07,10.747122870796632,120.07,10.747122870796632,,,
16798,TIRUMALA EXP,SSPN,BTVA,940.0,17,"SSPN,BDVR,VKN,MBD,GMA,BEY,YA,HNMN,GVN,SCM,KKLR,LKDU,BLL,PKO,PAV,VGH,BTVA",95.566,14.312588165667304,95.566,14.312588165667304,,,
15904,CDG-DBRG EXP,CDG,DBRG,2640.0,35,"CDG,UMB,SRE,MB,BE,LKO,GD,GKP,DEOS,SV,CPR,SEE,HJP,MFP,SPJ,BJU,KGG,NNA,KIR,KNE,NJP,NCB,NOQ,KOJ,NBQ,RNY,GHY,LMG,DPU,DMV,FKG,MXN,SLGR,NTSK,DBRG",167.074,11.463366870165157,167.074,11.463366870165157,,,
27960,SESHADRI EXP,NCE,KNLP,309.0,10,"NCE,GLP,GJJ,RU,KDUH,RAL,GDE,SJMA,CLX,KNLP",36.040000000000006,4.204408400714659,36.040000000000006,4.204408400714659,,,
24555,CIRCAR EXPRESS,RAL,MIPM,410.0,9,"RAL,ANE,VDI,VGT,MNPT,GDR,ULM,PDU,MIPM",50.242,14.436286572384189,50.242,14.436286572384189,,,
27731,AMARAVATI EXP,SLO,KVZ,287.0,8,"SLO,RAL,MLGT,SJMA,TEL,PUN,SAP,KVZ",95.97,12.391454716860329,95.97,12.391454716860329,,,
18833,FALAKNUMA EXP,CTPR,JUR,855.0,16,"CTPR,PKD,MYL,PNM,CPL,CKV,BLPE,SUP,VJA,PVPT,JKO,CU,EKM,OBVP,NRR,JUR",125.93,11.71035225772478,125.93,11.71035225772478,,,
12778,KCVL- UBL EX,KCVL,UBL,1297.0,22,"KCVL,QLN,CNGR,TRVL,KTYM,ERN,TCR,PGT,PTJ,TUP,ED,SA,BWT,YPR,TK,ASK,RRB,DVG,HRR,RNR,HVR,UBL",18.934782608695652,16.41798082950393,137.602,10.099456421015931,2025-12-20T07:12:18.844488Z,23,https://api.railradar.in/api/v1/trains/12778/average-delay
26653,PINAKINI EXP,RGM,PKPU,448.0,9,"RGM,RLG,KPL,MVP,IPPM,PUN,BVM,NWP,PKPU",70.734,11.966909793259084,70.734,11.966909793259084,,,
25780,RAYALASEEMA EXP,UNDI,PSLP,808.0,15,"UNDI,SCMN,APT,RAM,TPTY,BDPL,PTT,BUM,REG,BVRT,GDV,DIG,NBM,YA,PSLP",107.372,11.140788571730464,107.372,11.140788571730464,,,
29278,GOLCONDA EXP,KTCR,MBL,344.0,8,"KTCR,MDVL,VSKP,MDKU,KEF,YADA,HAQ,MBL",53.95,9.193451473739335,53.95,9.193451473739335,,,
22224,CIRCAR EXPRESS,CEM,NRP,827.0,16,"CEM,KNRT,STVA,PAP,PKO,DPD,KKLR,MMS,EDD,MAR,GNT,KLX,MKJ,MPU,SYM,NRP",14.333333333333334,8.081185281600439,97.506,12.457605307602256,2025-12-20T07:12:18.844488Z,6,https://api.railradar.in/api/v1/trains/22224/average-delay
28318,GARIB RATH,TKBN,NYP,512.0,11,"TKBN,CJM,VZM,TIU,VGT,NDM,BNL,PVP,BSPL,KDT,NYP",53.89,8.120301718532385,53.89,8.120301718532385,,,
20429,INTERCITY EXP,MPL,SVPM,786.0,17,"MPL,GDR,MKJ,GY,VLE,YPD,TMLU,KTCR,KLU,HUP,KVR,KHT,GVMH,KBM,RJP,ARKV,SVPM",102.498,12.645258795295572,102.498,12.645258795295572,,,
23222,SESHADRI EXP,GPJ,MTM,836.0,17,"GPJ,PYA,PIL,SCMN,CU,DPD,GID,RRJ,SUPP,CLU,VDI,GTL,GNT,BMD,GVMH,TNR,MTM",80.708,11.643243534342137,80.708,11.643243534342137,,,
29792,VIKRAMASIMHAPURI,THY,KDUH,456.0,10,"THY,GVMH,KOVH,TNKU,MUK,NZD,NLS,ESV,SDV,KDUH",58.612,14.329986741096448,58.612,14.329986741096448,,,
20924,KRISHNA EXPRESS,MALM,KPLH,664.0,11,"MALM,MRK,SJMA,CLU,MAG,MUM,KDUH,MDKU,MBD,NML,KPLH",12.545454545454545,9.926902257489598,125.252,3.776939237001297,2025-12-20T07:12:18.844488Z,22,https://api.railradar.in/api/v1/trains/20924/average-delay
27089,FALAKNUMA EXP,PDGL,KBM,636.0,11,"PDGL,GVA,TKPY,GDR,CGI,SGKM,TDK,RU,CCI,GMDA,KBM",99.64,9.045076008525298,99.64,9.045076008525298,,,
12628,NDLS-SBC KAR,NDLS,SBC,2389.0,35,"NDLS,MTJ,AGC,GWL,JHS,BINA,BPL,ET,KNW,BAU,BSL,JL,MMR,KPG,BAP,ANG,DD,KWV,SUR,GR,WADI,YG,RC,MALM,AD,GTL,GY,ATP,DMM,SSPN,PKD,HUP,YNK,BNC,SBC",84.6470588235294,36.93984167689659,142.99200000000002,13.575977681183756,2025-12-20T07:12:18.845490Z,34,https://api.railradar.in/api/v1/trains/12628/average-delay
22613,MAS-HLZ WEEK,MAS,HLZ,1661.0,15,"MAS,OGL,BZA,RJY,VSKP,VZM,BAM,KUR,BBS,CTC,JJKR,KGP,PKU,TMZ,HLZ",6.615384615384615,9.811009996925053,120.74,16.22951632058084,2025-12-20T07:12:18.846467Z,26,https://api.railradar.in/api/v1/trains/22613/average-delay
14265,BSB DDN EXP,BSB,DDN,845.0,49,"BSB,SWPR,PRF,BOY,MOF,SAW,JNH,BSE,GRX,DND,PBH,CIL,ANTU,MFL,AME,GNG,JAIS,FTG,RBL,HCP,BCN,LKO,AMG,MLD,SAN,BLM,BGH,HRI,AJI,ROZA,SPN,BE,RMU,MB,KNT,SEO,DPR,NGG,NBD,CNK,BLW,RSI,LRJ,ATMO,JWP,HW,RWL,DWO,DDN",64.916,9.349688764873402,64.916,9.349688764873402,,,
25529,GOLCONDA EXP,SPT,PUA,640.0,12,"SPT,RLL,VPL,VDI,CPL,IPM,VLD,VGA,NBR,NZD,TKU,PUA",63.666,10.227095384321004,63.666,10.227095384321004,,,
17974,VISAKHA EXPRESS,VDE,MALM,491.0,11,"VDE,REM,COA,BKPT,PUMU,PAK,EKM,BVO,NDL,PLVA,MALM",64.62199999999999,7.089059881253647,64.62199999999999,7.089059881253647,,,
24045,GNT NS EXP,PEL,VMD,767.0,13,"PEL,OTR,BPP,PDKN,IDP,JPI,SVF,KCM,VKT,TGL,SUDV,RMZ,VMD",96.438,15.114210862628587,96.438,15.114210862628587,,,
23407,VIKRAMASIMHAPURI,MTM,TPW,780.0,14,"MTM,NCU,MMPL,KSTE,MALM,PKPU,CBM,RLO,KRAP,GWM,VKI,NASP,RDG,TPW",74.52000000000001,8.258538006209088,74.52000000000001,8.258538006209088,,,
12784,SC-VSKP AC W,SC,VSKP,708.0,15,"SC,MLY,KZJ,WL,KMT,BZA,EE,TDD,RJY,SLO,ANV,TUNI,AKP,DVD,VSKP",53.0,42.038177093367565,121.03,14.54092156639323,2025-12-20T07:12:18.846857Z,12,https://api.railradar.in/api/v1/trains/12784/average-delay
25026,GNT NS EXP,MKJ,BVL,497.0,11,"MKJ,RVD,SIE,GLP,CPL,KKLR,PAVP,GVN,VPL,JAQ,BVL",76.396,13.14707686141676,76.396,13.14707686141676,,,
25769,GARIB RATH,KPN,NMLU,686.0,12,"KPN,PUN,IPM,MAR,SRPM,PNM,NLR,PDT,PUT,GDR,AVLI,NMLU",80.02000000000001,7.441327166574515,80.02000000000001,7.441327166574515,,,
15700,JANMABHOOMI EXP,HVM,NDO,616.0,12,"HVM,CLX,PDU,YLM,UNDI,PKPU,ESV,NS,SLO,NRP,TAT,NDO",48.988,8.86101969301502,48.988,8.86101969301502,,,
23564,VIKRAMASIMHAPURI,KI,TUNI,899.0,17,"KI,EKM,PPM,DKSA,PDGL,BVL,YA,MALM,NLA,RCG,RDG,TMB,SDM,GGNP,KCM,JKO,TUNI",63.30799999999999,12.598510626260548,63.30799999999999,12.598510626260548,,,
21077,RAYALASEEMA EXP,MBD,IPM,975.0,15,"MBD,DKSA,TMLU,LMD,SPE,BGNP,SGKM,HNMN,DPD,MIPM,NLR,VKN,YADA,REG,IPM",138.282,8.675345526260035,138.282,8.675345526260035,,,
21066,GNT NS EXP,UPD,MALM,335.0,7,"UPD,DNV,PGRL,COA,UPL,VTM,MALM",61.84400000000001,13.048579616188116,61.84400000000001,13.048579616188116,,,
16638,FALAKNUMA EXP,DHNE,KSK,873.0,16,"DHNE,SUPP,KLKA,AKAT,GMA,BQU,CKV,TSR,PKD,RAM,TAC,RBCS,KPLL,TKU,SF,KSK",130.116,14.598338261596767,130.116,14.598338261596767,,,
22394,SIMHADRI EXP,JKO,PRDT,884.0,15,"JKO,KOU,GPDE,MMPL,NMLU,HVM,TAC,GLU,ALAT,NUJ,RPL,MOO,VML,DMM,PRDT",70.316,11.252800984643784,70.316,11.252800984643784,,,
27197,PINAKINI EXP,JBK,BNL,653.0,16,"JBK,MGPR,TAT,KAQ,BMH,VKZ,PRCA,DKD,VDI,VDD,GDE,VLV,HNMN,BUM,CCA,BNL",85.126,9.992188448983535,85.126,9.992188448983535,,,
23427,TIRUMALA EXP,SCMN,SCM,385.0,7,"SCMN,MGPR,SAB,PNM,NMLU,KDP,SCM",68.33000000000001,11.50652640895592,68.33000000000001,11.50652640895592,,,
20127,VISAKHA EXPRESS,TEK,VKN,866.0,15,"TEK,TGL,CEM,TOU,RU,CCA,BNL,SRPM,KLU,KMX,ARK,BAV,CCT,HCM,VKN",58.038,7.892988660830572,58.038,7.892988660830572,,,
21456,RATNACHAL EXP,BVM,DNV,363.0,7,"BVM,MCVM,IPM,CBM,PGDI,KLDI,DNV",27.712,4.368795028380251,27.712,4.368795028380251,,,
19713,JP SC EXP,JP,SC,1726.0,31,"JP,DPA,BNLW,SWM,KOTA,RMA,NAD,UJN,BCH,SJP,SEH,BPL,HBJ,ET,BZU,AMLA,NRKR,CNDB,NAVI,BD,MZR,AK,WHM,HNL,PAU,NED,MUE,NZB,KMC,MED,SC",24.64864864864865,19.16812700209502,109.052,11.149725108719048,2025-12-20T07:12:18.847893Z,37,https://api.railradar.in/api/v1/trains/19713/average-delay
28607,PRASHANTI EXP,NML,KMQA,540.0,11,"NML,KI,DGB,TUNI,MTM,PVP,KRNT,JKO,KYND,KVZ,KMQA",59.528,8.65558605756999,59.528,8.65558605756999,,,
21180,TIRUMALA EXP,TCNR,BTTR,467.0,9,"TCNR,NRP,VMD,SCM,NGNT,NMLU,MIPM,MDKU,BTTR",80.264,10.626077827684115,80.264,10.626077827684115,,,
22752,TUNGABHADRA EXP,RLG,DUU,734.0,14,"RLG,VLE,NLR,KTCR,RRJ,MCLE,TMLU,AXR,KRV,SUP,BDPL,KSK,MGV,DUU",128.894,9.15468896249348,128.894,9.15468896249348,,,
13209,RATNACHAL EXP,RML,KMX,529.0,13,"RML,VSKP,BDVR,TEL,VVM,BGNP,TAT,VPL,DUU,NBM,JAQ,DCU,KMX",82.453125,62.792361121671284,67.774,11.135916217357238,2025-12-20T07:12:18.848889Z,32,https://api.railradar.in/api/v1/trains/13209/average-delay
25601,INTERCITY EXP,PAV,REM,833.0,15,"PAV,PKO,VVM,DMT,NBR,BGNP,CTO,GVMH,TKU,MAG,CEL,JBK,PTT,LMD,REM",133.84,5.468048097813329,133.84,5.468048097813329,,,
29665,TUNGABHADRA EXP,KNLP,BDPL,752.0,14,"KNLP,SAB,POA,TMPM,DIG,PMT,SUDV,TTU,SJMA,PAGM,PPM,BPP,POO,BDPL",80.3,5.537025374693527,80.3,5.537025374693527,,,
20024,TIRUMALA EXP,MRM,NDL,558.0,8,"MRM,MMPL,GPI,JMDG,UPL,ULM,MUK,NDL",74.782,11.98074162979905,74.782,11.98074162979905,,,
26773,GODAVARI EXPRES,BLL,MMS,403.0,8,"BLL,RPL,NSPH,KO,RAL,VKN,MRM,MMS",74.71000000000001,5.507935184803833,74.71000000000001,5.507935184803833,,,
17436,GNT NS EXP,GPJ,BVRM,827.0,13,"GPJ,SUPP,POA,RAL,MPU,NBM,AKP,NRP,NBR,VBL,KRNT,RCG,BVRM",24.289473684210527,13.866198763325308,138.618,12.226149025756229,2025-12-20T07:12:18.849446Z,19,https://api.railradar.in/api/v1/trains/17436/average-delay
28304,VIKRAMASIMHAPURI,BVM,TDD,979.0,17,"BVM,PUDI,KVDU,MAG,TMC,KRAP,VNM,ALM,DKSA,GMDA,ODUR,PRDT,MGB,POA,KSTE,JKO,TDD",127.91599999999998,8.629399167960656,127.91599999999998,8.629399167960656,,,
21289,VANDE BHARAT,PDGL,GUK,661.0,13,"PDGL,CCT,SLM,THY,SPF,KCC,MYL,CEM,CLX,SRPM,NDKD,NML,GUK",73.936,14.519878787372846,73.936,14.519878787372846,,,
21274,VIKRAMASIMHAPURI,MLU,DEL,758.0,13,"MLU,VH,VKN,KBM,RJY,PLU,PDL,AKAH,SNM,MBD,RYP,KI,DEL",55.966,9.598548327742062,55.966,9.598548327742062,,,
25268,GOLCONDA EXP,PVP,VTM,924.0,16,"PVP,VNM,KOVH,RJY,EE,KEF,NLA,PAV,UPD,BTTR,RJP,MDPD,KSK,OBM,TKBN,VTM",76.792,11.658868727282254,76.792,11.658868727282254,,,
20503,KRISHNA EXPRESS,PUN,PLU,956.0,16,"PUN,JAQ,MRM,AKVD,HVM,CMZ,MLU,GVA,KVLS,PSLP,CTO,PVD,BVM,CU,DWP,PLU",46.083333333333336,33.758846577189544,126.16400000000002,8.773285017597466,2025-12-20T07:12:18.849915Z,24,https://api.railradar.in/api/v1/trains/20503/average-delay
27914,INTERCITY EXP,JKO,GNN,575.0,10,"JKO,MLK,GMA,BTTR,NMLU,POA,RCG,BBPM,UGD,GNN",70.874,9.192465936841971,70.874,9.192465936841971,,,
25985,KRISHNA EXPRESS,OGL,RLG,663.0,13,"OGL,TEL,HX,PUN,COA,SGDM,KCI,TMPM,ALM,MCU,NCU,ODUR,RLG",89.38199999999999,13.4741853186009,89.38199999999999,13.4741853186009,,,
13565,TUNGABHADRA EXP,NKDO,KCI,451.0,9,"NKDO,VNM,LIN,VLE,NOSM,NBM,BMD,NDD,KCI",44.238,11.926513321168091,44.238,11.926513321168091,,,
29842,JANMABHOOMI EXP,APT,PDL,430.0,8,"APT,OGL,BSPL,PDU,KVR,NRT,RPL,PDL",69.038,12.004691582877088,69.038,12.004691582877088,,,
13571,GNT NS EXP,CMZ,TADA,634.0,15,"CMZ,HX,LMD,HCM,KVM,KPU,TOU,SGDM,APT,DHNE,GLP,GDR,PYX,TLU,TADA",59.29600000000001,8.175700581601554,59.29600000000001,8.175700581601554,,,
21358,TUNGABHADRA EXP,SPF,BGNP,812.0,15,"SPF,JMDG,RMZ,KDUH,GPDE,NRE,GNN,GLU,PUDI,PUA,NBR,ALAT,BEY,SAP,BGNP",77.4,16.188055781964678,77.4,16.188055781964678,,,
16411,GODAVARI EXPRES,VML,PAVP,721.0,14,"VML,COA,TPW,ZPI,KPLL,CCT,BAV,VNM,MYL,SLM,PDT,DVD,RYP,PAVP",67.768,15.195590478819836,67.768,15.195590478819836,,,
18312,BSB-SBP BI-W,BSB,SBP,893.0,37,"BSB,KEI,MGS,KMS,DGO,BBU,KTQ,SSM,DOS,SEB,ANH,NBG,KYF,JPL,HDN,MDJ,URD,GHD,DTO,BRWD,LTHR,TORI,KLRE,PTRU,BRKA,RMT,MURI,RNC,HTE,PKF,BANO,NXN,ROU,GP,JSG,RGL,SBP",228.95,445.73363402372945,135.00799999999998,10.606833646286717,2025-12-20T07:12:18.849915Z,10,https://api.railradar.in/api/v1/trains/18312/average-delay
16622,PRASHANTI EXP,SJMA,BBPM,1127.0,17,"SJMA,GLU,NMLU,TU,VTM,RLL,MKJ,SUP,LIN,TNKU,SRPM,DUSI,MMPL,SVPM,AKAH,YLK,BBPM",133.882,11.812305871420708,133.882,11.812305871420708,,,
25467,RAYALASEEMA EXP,PAGM,PSA,969.0,16,"PAGM,GVN,VGH,KRYP,TADA,MOO,PSPY,PKD,PDMI,PVPT,KO,JAQ,POA,SPE,PEL,PSA",91.182,10.449912439824551,91.182,10.449912439824551,,,
13456,FALAKNUMA EXP,KBM,BEY,744.0,15,"KBM,BMGM,KDT,UPD,VH,KVM,CLX,NGM,DKSA,UNDI,NS,PEL,CMZ,PRDT,BEY",68.228,9.864827418662731,68.228,9.864827418662731,,,
29412,PRASHANTI EXP,TU,RRJ,452.0,12,"TU,PMD,MTM,YLM,KPN,GGNP,MGPR,DGDG,TIM,HAQ,TTU,RRJ",48.77,9.1553536250655,48.77,9.1553536250655,,,
16472,TIRUMALA EXP,GVMH,KNRT,472.0,14,"GVMH,RYP,TPW,KLDI,OTR,VRVL,SDV,MPU,KKM,BUM,VNM,NUJ,NYP,KNRT",77.13199999999999,13.36982685003811,77.13199999999999,13.36982685003811,,,
20640,SESHADRI EXP,KVM,NGNT,614.0,11,"KVM,DPD,GLU,RAL,GNT,PUMU,UNDI,RAM,VLV,RLG,NGNT",80.40799999999999,6.368867246222046,80.40799999999999,6.368867246222046,,,
27252,SESHADRI EXP,APL,KOVH,328.0,8,"APL,GPDE,MMS,DNV,BVL,CTPR,PVPT,KOVH",53.654,14.625080512598895,53.654,14.625080512598895,,,
12867,HWH-PDY WEEK,HWH,PDY,1922.0,17,"HWH,KGP,BLS,BBS,KUR,VZM,VSKP,DVD,RJY,BZA,NLR,RU,TPTY,KPD,VLR,VM,PDY",47.97222222222222,36.947963491549025,183.246,9.601944073988362,2025-12-20T07:12:18.849915Z,18,https://api.railradar.in/api/v1/trains/12867/average-delay
17517,MEMU SPECIAL,MDUN,ANV,841.0,16,"MDUN,TMPM,VMU,TOU,KPL,ARKV,TLU,RBCS,MLK,VTM,BGHU,EKM,MVP,TKBN,CTPR,ANV",75.566,10.473835496130343,75.566,10.473835496130343,,,
19926,SIMHADRI EXP,VDD,PAVP,723.0,12,"VDD,HCM,SIE,OGL,PTT,PKPU,TNKU,TMPM,PEL,CMDP,PSPY,PAVP",67.808,3.3088547867804707,67.808,3.3088547867804707,,,
14130,SIMHADRI EXP,SCM,PVPT,697.0,14,"SCM,PVP,RLO,MLGT,KMQA,BGNP,CLX,AVLI,KPLL,TKPY,TDK,MAR,PCL,PVPT",109.648,16.494558799798188,109.648,16.494558799798188,,,
22746,RAYALASEEMA EXP,PDT,ALM,940.0,16,"PDT,PMT,VAT,GNN,PDGL,ATP,KHT,MKJ,MDKU,RLO,PAP,KOU,NDKD,KYND,NBR,ALM",92.052,9.695494830074429,92.052,9.695494830074429,,,
27583,VANDE BHARAT,KUK,TEK,416.0,9,"KUK,VPU,MMS,TU,PVP,MPL,KDT,PSPY,TEK",79.436,10.856911623477464,79.436,10.856911623477464,,,
23368,NARAYANADRI EXP,VLD,AXR,551.0,9,"VLD,PNM,KMQA,KUK,DEL,BPY,KTV,TMPM,AXR",66.724,10.95381349120022,66.724,10.95381349120022,,,
13587,TUNGABHADRA EXP,YA,GDV,814.0,16,"YA,AKVD,BTTR,NWP,DWP,PDMI,TKU,KPN,RAM,VKT,GVI,MDPD,RPL,PKO,DCU,GDV",72.422,9.56746936237582,72.422,9.56746936237582,,,
18778,NARAYANADRI EXP,SNKG,SGKM,535.0,11,"SNKG,ALM,VGH,KVDU,AKU,MUM,SUPP,RDG,VTM,SAP,SGKM",70.688,10.456118782798905,70.688,10.456118782798905,,,
22108,INTERCITY EXP,DNV,KMH,828.0,17,"DNV,KJJ,TDD,BLL,VSKP,BDVR,KCD,RU,SLO,KLU,PLVA,CPP,RRJ,ASP,MMS,MKR,KMH",15.136363636363637,11.872601976228733,95.186,17.18856538516231,2025-12-20T07:12:18.849915Z,11,https://api.railradar.in/api/v1/trains/22108/average-delay
24391,VANDE BHARAT,KMX,KTCR,483.0,9,"KMX,MRM,GMDA,VBL,TUNI,VSKP,YLK,KJJ,KTCR",74.87,8.168148505016301,74.87,8.168148505016301,,,
17601,MEMU SPECIAL,UNDI,NSPH,442.0,8,"UNDI,SPT,BTVA,PDSN,BVM,BGHU,AKU,NSPH",113.302,11.238828675622738,113.302,11.238828675622738,,,
25981,JANMABHOOMI EXP,JBK,THY,520.0,8,"JBK,VND,PDKN,TOU,PAP,GVA,MDVL,THY",68.00999999999999,11.400853038259898,68.00999999999999,11.400853038259898,,,
20214,PINAKINI EXP,PRCA,KJJ,771.0,13,"PRCA,GTLM,JAQ,BTVA,NWP,VND,NASP,MADU,HNMN,SLO,NMLU,TTU,KJJ",59.25,13.177057714072593,59.25,13.177057714072593,,,
29833,SEVEN HILLS EXP,GDR,NUJ,635.0,12,"GDR,TIU,MBL,SGDM,KVZ,ZPL,TMB,CHE,GGNP,JBK,CTO,NUJ",100.57,6.507891363567767,100.57,6.507891363567767,,,
29622,NARAYANADRI EXP,UPD,NOSM,420.0,10,"UPD,SVF,SUP,BTTR,MDKU,CMDP,NRT,LVK,TMLU,NOSM",71.55199999999999,15.82119053674533,71.55199999999999,15.82119053674533,,,
22473,BKN BDTS SF,BKN,BDTS,1211.0,23,"BKN,NOK,NGO,MTD,JU,LUNI,PMY,MJ,ABR,PNU,SID,UJA,MSH,ADI,ND,ANND,BRC,BH,ST,NVS,BL,BVI,BDTS",9.204545454545455,10.120477767770348,90.184,10.526012065355044,2025-12-20T07:12:18.849915Z,22,https://api.railradar.in/api/v1/trains/22473/average-delay
29373,RAYALASEEMA EXP,PAM,PIL,629.0,11,"PAM,NRT,NRE,JMDG,AKVD,VKN,NLR,NCU,NASP,VSKP,PIL",104.366,10.72143553821036,104.366,10.72143553821036,,,
22086,PINAKINI EXP,ANE,PIL,560.0,10,"ANE,PGDI,TUNI,GGNP,HUP,REG,DWP,CCA,HNMN,PIL",59.372,12.799074966574736,59.372,12.799074966574736,,,
22278,PINAKINI EXP,TEK,CCI,431.0,8,"TEK,KAQ,VKI,NGNT,OBM,VH,OBVP,CCI",41.808,8.956747177407658,41.808,8.956747177407658,,,
14744,VISAKHA EXPRESS,JUR,KVM,272.0,9,"JUR,GMDA,IPM,MDVL,TGL,KDP,MGV,GMA,KVM",61.916,15.494730717247077,61.916,15.494730717247077,,,
25801,AMARAVATI EXP,KDUH,APL,797.0,16,"KDUH,VKI,SJL,MKJ,CLPE,RJY,TLU,MGPR,YPD,TU,TDK,YLK,GNT,DUSI,ALM,APL",88.45,9.912368536328742,88.45,9.912368536328742,,,
28736,JANMABHOOMI EXP,OBVP,IPM,586.0,12,"OBVP,KNRT,KMX,NLPD,RCA,KOU,PVP,SUP,DKSA,SPF,MRK,IPM",83.718,10.157377614325464,83.718,10.157377614325464,,,
29334,CIRCAR EXPRESS,PGDI,SLO,554.0,10,"PGDI,DHNE,VZM,KOU,VLV,MCU,ALAT,GWM,KVR,SLO",56.13199999999999,11.776137736966222,56.13199999999999,11.776137736966222,,,
20544,PINAKINI EXP,VMD,PMD,457.0,9,"VMD,BBPM,NSPH,NBR,MYL,CLU,BAV,MLU,PMD",80.666,10.682304526645922,80.666,10.682304526645922,,,
25398,AMARAVATI EXP,BVRT,BLL,628.0,14,"BVRT,VPU,UGD,PSLP,VGA,CEM,BPP,BTTR,YA,SAB,SIE,CMDP,LVK,BLL",53.258,14.15355503045083,53.258,14.15355503045083,,,
20756,VANDE BHARAT,KTV,PYX,796.0,13,"KTV,PGDI,DWP,UPD,ANB,VLV,KGL,PHM,GNT,DGB,KPL,KDUH,PYX",86.7,3.877350899776808,86.7,3.877350899776808,,,
24816,VISAKHA EXPRESS,CIV,SSPN,714.0,14,"CIV,PUT,MAG,MPL,GGNP,PKO,EKM,CKV,GPDE,VKI,TIU,SDM,VTM,SSPN",65.41799999999999,10.47263672624999,65.41799999999999,10.47263672624999,,,
12723,TELANGANA EX,HYB,NDLS,1669.0,18,"HYB,SC,KZJ,RDM,MCI,BPA,SKZR,BPQ,CD,NGP,BPL,JHS,GWL,AGC,MTJ,BVH,NZM,NDLS",44.638888888888886,52.90395006139679,106.0,3.462600179056192,2025-12-20T07:12:18.849915Z,18,https://api.railradar.in/api/v1/trains/12723/average-delay
18415,BBN-PURI INT,BBN,PURI,396.0,30,"BBN,BJMD,NOMD,DPS,DJHR,MMVR,BSPX,JRLI,NYG,PRNR,GADH,KDJR,NANR,BSTP,STBJ,NKW,HCNR,CLDR,SGDP,TGRL,TMKA,BGPL,SKND,JKPR,CTC,BBS,KUR,DEG,SIL,PURI",66.68333333333334,30.60813708077569,107.946,8.596724957796429,2025-12-20T07:12:18.849915Z,30,https://api.railradar.in/api/v1/trains/18415/average-delay
29471,RAYALASEEMA EXP,BVRM,STVA,873.0,15,"BVRM,GZL,VAT,PSA,PDMI,VSKP,UNDI,NOSM,PAM,RAM,RMZ,MDUN,MLGT,ZPI,STVA",81.9,15.67842944940596,81.9,15.67842944940596,,,
19810,GOLCONDA EXP,CIV,BBPM,900.0,14,"CIV,DUU,TMLU,NLR,NBM,RLG,PKPU,VLV,VDE,PVP,BPP,CHE,PSA,BBPM",75.45,13.7248023665188,75.45,13.7248023665188,,,
19309,GNC INDORE E,GNC,INDB,563.0,19,"GNC,KHDB,CLDY,SBT,ADI,MHD,ND,ANND,BRC,DRL,GDA,DHD,MGN,RTM,KUH,NAD,UJN,DWX,INDB",5.78125,7.776102715210236,69.79400000000001,15.45115950341592,2025-12-20T07:12:18.849915Z,16,https://api.railradar.in/api/v1/trains/19309/average-delay
12575,CIRCAR EXPRESS,GY,KCI,859.0,16,"GY,KCD,MLGT,SJMA,ATP,AL,RLO,GPI,NDO,MMPL,CBM,RPRL,BVM,PSPY,POA,KCI",121.258,11.233951664485645,121.258,11.233951664485645,,,
24518,VANDE BHARAT,JAQ,KO,606.0,11,"JAQ,PAP,GVA,PVD,NLS,RPRL,IPM,KPLL,GVN,ESV,KO",75.77000000000001,10.251577927324162,75.77000000000001,10.251577927324162,,,
14238,RATNACHAL EXP,BBPM,ESV,998.0,17,"BBPM,KLU,STVA,BZA,CTPR,PSDA,PHM,RGM,KVDU,HX,NGM,YGD,MKJ,BVRM,ANE,DWP,ESV",77.72,10.12701338006423,77.72,10.12701338006423,,,
25898,GNT NS EXP,RPL,GDP,479.0,12,"RPL,GRBL,HX,PLU,CLVR,VH,KOU,KKLR,NRR,NBR,NRYP,GDP",46.572,11.71311956739109,46.572,11.71311956739109,,,
24471,TUNGABHADRA EXP,PEL,KRY,417.0,8,"PEL,VVM,BGHU,CKV,DCU,ULM,SGDM,KRY",119.754,7.427464574132949,119.754,7.427464574132949,,,
13835,SESHADRI EXP,SKM,KKLR,282.0,7,"SKM,GLP,OBVP,ANE,PKPU,JUR,KKLR",99.696,10.988222331205352,99.696,10.988222331205352,,,
27414,SIMHADRI EXP,VLV,TNRU,658.0,13,"VLV,NBM,PVP,UPD,TMLU,MLK,UGD,VJA,TU,AKVD,PUMU,BLL,TNRU",61.720000000000006,11.469163003462803,61.720000000000006,11.469163003462803,,,
17615,KCG-MDU EXP,KCG,MDU,1283.0,23,"KCG,MBNR,GWD,KRNT,DHNE,ATP,DMM,KRY,MPL,PIL,PAK,CTO,KPD,AB,VN,JTJ,SA,ED,KRR,TPJ,DG,KQN,MDU",82.584,12.85019377285806,82.584,12.85019377285806,,,
25899,CHARMINAR EXP,LIN,MNPT,963.0,17,"LIN,BTVA,UPD,GALA,VZM,KUK,PMD,RAL,DMM,KVM,EKM,KLDI,TLU,UNDI,MRK,VPU,MNPT",90.286,11.861141597670938,90.286,11.861141597670938,,,
18311,SBP-BSB BI-W,SBP,BSB,890.0,37,"SBP,RGL,JSG,GP,ROU,NXN,BANO,PKF,HTE,RNC,MURI,RMT,BRKA,PTRU,KLRE,TORI,LTHR,BRWD,DTO,GHD,URD,MDJ,HDN,JPL,KYF,NBG,ANH,SEB,DOS,SSM,KTQ,BBU,DGO,KMS,MGS,KEI,BSB",11.545454545454545,8.354243737751016,98.292,13.12001219511628,2025-12-20T07:12:18.849915Z,11,https://api.railradar.in/api/v1/trains/18311/average-delay
19771,PINAKINI EXP,PHM,SAP,368.0,8,"PHM,VGA,PMD,KAQ,DMM,RYP,BVRT,SAP",109.558,12.4543915949355,109.558,12.4543915949355,,,
15085,NARAYANADRI EXP,JKO,CPL,909.0,15,"JKO,NKDO,VSKP,APL,MCLA,SKM,PMD,CCA,PMT,VGH,GVMH,MBD,BMH,PSDA,CPL",144.63600000000002,12.80769417186404,144.63600000000002,12.80769417186404,,,
19641,TUNGABHADRA EXP,DWP,NRE,631.0,10,"DWP,PUDI,KRAP,VDI,CKV,PAP,JUR,KOLA,ODUR,NRE",109.784,11.705497853572917,109.784,11.705497853572917,,,
23149,VISAKHA EXPRESS,KPU,BEY,706.0,13,"KPU,SGKM,CPP,RMV,MYL,KNLP,IDP,AL,KI,RBCS,PUT,GDR,BEY",87.296,13.582053600247642,87.296,13.582053600247642,,,
20326,GARIB RATH,KVR,RPCA,744.0,15,"KVR,RLG,AXR,TU,KCI,PDU,TNRU,RAL,RCG,MADU,JUR,NCU,VMD,NSPH,RPCA",94.444,9.021049273781852,94.444,9.021049273781852,,,
17162,TUNGABHADRA EXP,UPD,SJMA,513.0,10,"UPD,TSR,SNM,TOU,SGDM,MKR,IPM,SCM,VNM,SJMA",86.404,11.01475056458384,86.404,11.01475056458384,,,
25882,SESHADRI EXP,REG,VML,771.0,15,"REG,PDL,TEK,TEL,VTM,TKBN,GVL,APT,MVP,KEF,VPU,PVD,CGI,TIM,VML",65.788,4.026787801709946,65.788,4.026787801709946,,,
14583,GOLCONDA EXP,KAQ,VZM,413.0,8,"KAQ,PMT,BTVA,CBM,PUDI,KRNT,KOVH,VZM",41.496,11.120819664035558,41.496,11.120819664035558,,,
20437,INTERCITY EXP,PSA,BNL,815.0,16,"PSA,TAT,RAM,KOU,BMD,UKD,BVRT,BGNP,OGL,MDKU,NG,DKD,YADA,BZA,MLGT,BNL",57.934000000000005,5.54121196129511,57.934000000000005,5.54121196129511,,,
13888,NARAYANADRI EXP,PKO,KRNT,533.0,9,"PKO,JBK,NRT,MPL,PCL,PLVA,GNN,TDD,KRNT",69.91,9.86802158489735,69.91,9.86802158489735,,,
23133,CIRCAR EXPRESS,KNRT,HVM,852.0,16,"KNRT,KNLP,TNKU,NBM,SDV,PAM,UPD,CBM,NCU,BQU,PDL,KCD,PAGM,AL,HNMN,HVM",79.70599999999999,10.204306933839256,79.70599999999999,10.204306933839256,,,
18584,RAYALASEEMA EXP,NDL,KPLL,616.0,13,"NDL,CVV,PSA,CCI,MBL,SPT,MPL,TAC,SMLG,KMX,BPY,LIN,KPLL",77.89200000000001,2.125292920987598,77.89200000000001,2.125292920987598,,,
12790,VISAKHA EXPRESS,ANB,NKDO,829.0,15,"ANB,GWM,DMM,GTL,CPP,GPJ,MALM,SUP,GVMH,PMT,CCT,KGL,PMD,KCC,NKDO",12.585714285714285,19.61321919897238,77.738,13.374560553528484,2025-12-20T07:12:18.849915Z,35,https://api.railradar.in/api/v1/trains/12790/average-delay
20143,GNT NS EXP,VDI,RAM,541.0,11,"VDI,PAV,PDT,TNRU,NWP,SUDV,BZA,STUR,CLPE,TAC,RAM",72.99199999999999,7.99699443541134,72.99199999999999,7.99699443541134,,,
26895,CIRCAR EXPRESS,RAM,NDO,664.0,13,"RAM,SUPP,NGNT,PSA,NBR,MDPD,NBM,VDD,PRH,MLU,MVP,TAC,NDO",74.2,6.520364253628783,74.2,6.520364253628783,,,
27065,VISAKHA EXPRESS,RJY,BVM,538.0,12,"RJY,RCA,NCU,NMLU,GNN,MUK,SLM,PDT,RDG,TU,DKSA,BVM",55.61,12.79975976337056,55.61,12.79975976337056,,,
18693,SIMHADRI EXP,SDV,VH,993.0,17,"SDV,VBL,NDD,VMD,GVMH,SYM,GWM,TPTY,MUM,DWP,TGL,KBA,PRH,UNDI,BLL,CEL,VH",82.622,4.4858076195931496,82.622,4.4858076195931496,,,
21776,INTERCITY EXP,LMD,NRR,710.0,15,"LMD,NDZ,DKSA,MAR,PAK,RLO,GPDE,NRYP,BSPL,VDE,KRYP,KPLH,PMT,ANB,NRR",141.154,8.536546725696521,141.154,8.536546725696521,,,
23527,CHARMINAR EXP,ARKV,DMM,508.0,9,"ARKV,AKU,SF,RRJ,KKLR,SJL,KCM,APT,DMM",63.986,9.440708659841166,63.986,9.440708659841166,,,
13609,PINAKINI EXP,MBD,KDUH,779.0,12,"MBD,GKM,NBR,RU,PCL,KVM,PAM,SNM,SVF,DMM,PUMU,KDUH",83.178,4.201775815057251,83.178,4.201775815057251,,,
19897,VIKRAMASIMHAPURI,TU,KVR,754.0,15,"TU,KAQ,NWP,BPP,MMPL,PGRL,TPW,VLE,PDU,GUK,VDE,KTCR,NASP,VDI,KVR",47.066,10.38057705525083,47.066,10.38057705525083,,,
20598,SESHADRI EXP,KVM,KOVH,589.0,12,"KVM,TGL,MCLA,NRR,UKD,RJY,TAC,LKSH,BSPL,SGKM,TUNI,KOVH",105.704,13.813802155815036,105.704,13.813802155815036,,,
26200,FALAKNUMA EXP,PRH,ALM,896.0,17,"PRH,ANE,RPL,PYA,KLKA,PAVP,NRP,VNM,VKZ,ZPI,PVP,GALA,VPL,CCT,CVV,CMZ,ALM",70.33,9.113797232767473,70.33,9.113797232767473,,,
15893,GARIB RATH,RLL,SUPP,720.0,12,"RLL,ARKV,KYND,VLD,NBM,CCA,DVR,GID,RYP,MVW,PYX,SUPP",75.914,12.139801481078678,75.914,12.139801481078678,,,
22030,SIMHADRI EXP,GVMH,RJP,517.0,10,"GVMH,AKU,PVP,KMQA,NKDO,NMLU,PCU,GUK,GTL,RJP",37.978,9.198267228125092,37.978,9.198267228125092,,,
18946,MEMU SPECIAL,AD,CCI,619.0,12,"AD,AVLI,LKDU,BBPM,PCU,DVR,TGL,NDD,AKU,TLU,YPD,CCI",110.598,6.815006969915735,110.598,6.815006969915735,,,
24192,JANMABHOOMI EXP,SLO,NSX,905.0,17,"SLO,KPLH,AKVD,DGDG,VPU,PAV,RMV,ANV,PUA,EDD,RAL,MVP,NBR,GJJ,MALM,NDM,NSX",83.186,11.95804039130158,83.186,11.95804039130158,,,
22644,PNBE ERS EXP,PNBE,ERS,2782.0,42,"PNBE,PNC,BKP,MKA,KIUL,JAJ,JSME,MDP,CRJ,ASN,BURN,ADRA,BQA,VSU,MDN,HIJ,JER,BLS,BHC,JJKR,CTC,BBS,KUR,BALU,BAM,PSA,CHE,VZM,VSKP,RJY,BZA,MAS,KPD,JTJ,SA,ED,TUP,CBE,PGT,TCR,AWY,ERS",33.625,18.135341877119384,172.762,6.274150938573284,2025-12-20T07:12:18.849915Z,32,https://api.railradar.in/api/v1/trains/22644/average-delay
12069,RIG - G JANS,RIG,G,419.0,15,"RIG,KHS,SKT,BUA,CPH,NIA,AKT,BSP,BYT,TLD,R,DURG,RJN,DGG,G",12.866666666666667,9.484138805863656,72.58399999999999,11.824712681498855,2025-12-20T07:12:18.849915Z,15,https://api.railradar.in/api/v1/trains/12069/average-delay
26238,VISAKHA EXPRESS,UNDI,CCI,458.0,9,"UNDI,SDV,CLU,SLO,KOU,NDPU,PUDI,DWP,CCI",101.368,10.315673511700531,101.368,10.315673511700531,,,
29604,SIMHADRI EXP,SGDM,SUP,532.0,10,"SGDM,AL,POA,GGNP,KPN,RGM,KCI,TGU,VMU,SUP",110.55,7.769462658382497,110.55,7.769462658382497,,,
27458,MEMU SPECIAL,GDV,SALR,649.0,13,"GDV,NKDO,KOVH,NGM,NLA,MVP,DPD,GKM,NDM,YPD,GRBL,CVV,SALR",68.72,10.38337132149284,68.72,10.38337132149284,,,
27103,GODAVARI EXPRES,TTU,MLGT,773.0,14,"TTU,IDP,CCT,KHT,VKT,GPJ,JUR,VDE,VKZ,NOSM,BPY,SSPN,PRDT,MLGT",109.39,12.733758282612404,109.39,12.733758282612404,,,
18416,PURI-BBN INT,PURI,BBN,396.0,30,"PURI,SIL,DEG,KUR,BBS,CTC,JKPR,SKND,BGPL,TMKA,TGRL,SGDP,CLDR,HCNR,NKW,STBJ,BSTP,NANR,KDJR,GADH,PRNR,NYG,JRLI,BSPX,MMVR,DJHR,DPS,NOMD,BJMD,BBN",69.56666666666666,35.52293468857675,60.738,3.8358662646135095,2025-12-20T07:12:18.849915Z,30,https://api.railradar.in/api/v1/trains/18416/average-delay
25302,JANMABHOOMI EXP,TEK,PDGL,824.0,15,"TEK,PEL,SKM,UGD,NG,ESV,VJA,TIM,SALR,NKDO,BUM,GMA,DHNE,DUU,PDGL",72.25,9.96353601890413,72.25,9.96353601890413,,,
25220,PRASHANTI EXP,KRYP,TLU,856.0,15,"KRYP,BVM,KKM,NRYP,GPDE,PUT,ARK,PAGM,ANV,KCC,PUN,SLM,GPI,TADA,TLU",119.204,8.668259917653597,119.204,8.668259917653597,,,
16976,SIMHADRI EXP,RLL,ZPI,541.0,11,"RLL,SRPM,DHNE,AKU,VRVL,GNN,KCI,NRP,SNM,BGHU,ZPI",56.156000000000006,6.033223019249332,56.156000000000006,6.033223019249332,,,
27315,SEVEN HILLS EXP,SJMA,AXR,432.0,9,"SJMA,VRVL,UPD,GTLM,KPLL,KCI,GMA,VDE,AXR",93.206,3.930277343903352,93.206,3.930277343903352,,,
26685,GODAVARI EXPRES,RJP,KDT,696.0,11,"RJP,IPM,KJJ,PKPU,PAVP,KPL,PDKN,CMDP,HNMN,GLP,KDT",90.802,12.762502497551177,90.802,12.762502497551177,,,
21424,PINAKINI EXP,HX,NCE,397.0,7,"HX,GVMH,GGNP,TIU,RCG,TEL,NCE",78.768,10.15758435849784,78.768,10.15758435849784,,,
15482,VIKRAMASIMHAPURI,KEF,HCM,483.0,10,"KEF,APT,UNDI,NRR,KOVH,ODUR,CBM,SAP,RMV,HCM",74.45,15.533566879503242,74.45,15.533566879503242,,,
23489,GNT NS EXP,GTLM,TMPM,433.0,7,"GTLM,TADA,VML,BGNP,MAR,VKZ,TMPM",38.452,10.695224167823692,38.452,10.695224167823692,,,
28286,GNT NS EXP,SF,AKP,275.0,7,"SF,KTV,GPI,NDPU,NKDO,KOU,AKP",78.85,4.681543548873593,78.85,4.681543548873593,,,
18915,CHARMINAR EXP,VTM,ANE,952.0,16,"VTM,VNM,NSPH,THY,MNPT,KRY,MVP,SYM,CLX,MCLA,PDU,CMDP,GZL,EKM,DVD,ANE",105.676,8.930970272036516,105.676,8.930970272036516,,,
12352,DANAPUR EXP,RJPB,HWH,529.0,23,"RJPB,PNC,FUT,KOO,BKP,BARH,MKA,HTZ,BRYA,LKR,KIUL,BSQP,MNP,JMU,JAJ,JSME,MDP,CRJ,ASN,RNG,DGR,BWN,HWH",32.84090909090909,18.755839311117562,115.46,15.188517044135684,2025-12-20T07:12:18.854494Z,22,https://api.railradar.in/api/v1/trains/12352/average-delay
17151,VIKRAMASIMHAPURI,MADU,ARKV,763.0,16,"MADU,ANB,NRYP,RBCS,SDM,VNM,MUM,PUN,DMM,GJJ,TDD,TGL,MCVM,KDT,GDV,ARKV",137.442,7.980336459072392,137.442,7.980336459072392,,,
19742,PINAKINI EXP,MRK,PKPU,421.0,8,"MRK,KVR,TKU,AVLI,DPD,PAVP,DCU,PKPU",70.602,4.516975758181576,70.602,4.516975758181576,,,
19172,CIRCAR EXPRESS,OGL,KCM,467.0,10,"OGL,VRVL,GMDA,VGH,BVRM,HX,VLD,HVM,TDD,KCM",54.658,7.282219441900938,54.658,7.282219441900938,,,
26242,SIMHADRI EXP,ZPL,SKM,323.0,7,"ZPL,BEY,GTL,DCU,ALAT,VDD,SKM",63.074,11.844219265109874,63.074,11.844219265109874,,,
28524,RAYALASEEMA EXP,PSDA,CPL,590.0,11,"PSDA,MOO,PSA,KDUH,SGDM,KSK,PDMI,PGRL,GPJ,MGV,CPL",90.888,12.524894011527602,90.888,12.524894011527602,,,
15690,CIRCAR EXPRESS,KGL,BAV,762.0,14,"KGL,MVP,SF,SJL,DNV,HX,CTO,AKU,MOO,NDPU,IDP,TSR,SYM,BAV",69.39200000000001,9.501850872330085,69.39200000000001,9.501850872330085,,,
13246,RJPB-NJP CAP,RJPB,NJP,485.0,35,"RJPB,PNC,BKG,FUT,KOO,BKP,BARH,MKA,HTZU,RJO,DKGS,GHX,BJU,BGS,LKN,KGG,MNE,MSK,NNR,THB,NNA,KTRH,KUE,CRR,SMO,KIR,LAV,KWE,AZR,BOE,SUD,TETA,DLK,KNE,NJP",47.86904761904762,13.832785211663563,48.414,14.439376025299708,2025-12-20T07:12:18.854824Z,42,https://api.railradar.in/api/v1/trains/13246/average-delay
28221,CHARMINAR EXP,VKN,SUP,442.0,10,"VKN,RGM,OGL,PCL,STVA,NGJA,DUU,CEM,KTCR,SUP",51.6,11.897186642227654,51.6,11.897186642227654,,,
13374,RAYALASEEMA EXP,CLPE,VPL,782.0,14,"CLPE,YLM,PTT,AKP,CEM,AL,CTO,SGKM,KGL,TKPY,VTM,SUDV,TKBN,VPL",96.16,10.283272825321712,96.16,10.283272825321712,,,
27128,MEMU SPECIAL,CIV,TGU,473.0,9,"CIV,VVM,VND,KCD,SJL,KKM,YGD,PDKN,TGU",73.614,14.665310429718152,73.614,14.665310429718152,,,
23945,CIRCAR EXPRESS,CCT,KRYP,538.0,12,"CCT,KVM,PVD,TMB,IPM,NCE,BNL,VGA,PGU,APT,GRBL,KRYP",58.978,6.66925183210231,58.978,6.66925183210231,,,
29377,GOLCONDA EXP,NOSM,PIL,399.0,10,"NOSM,CMZ,VND,VLV,REM,CTPR,KMH,SF,KTV,PIL",50.672,12.243983012075766,50.672,12.243983012075766,,,
27680,GNT NS EXP,PDGL,KBA,916.0,16,"PDGL,TNKU,PAGM,MMS,BAV,VJA,RYP,GPY,GLU,KOVH,KLU,MKJ,PSLP,VDE,KCI,KBA",92.98,11.759538681427946,92.98,11.759538681427946,,,
21964,SEVEN HILLS EXP,MDPD,GMA,414.0,9,"MDPD,NRT,VND,JBK,BVL,VPG,HNMN,OGL,GMA",79.454,8.324727022551553,79.454,8.324727022551553,,,
15121,GOLCONDA EXP,GWM,DGB,548.0,11,"GWM,JMDG,MLU,EKM,SPF,PVPT,EE,KGL,PTT,TNRU,DGB",93.866,9.368595412333692,93.866,9.368595412333692,,,
15468,AMARAVATI EXP,TDK,TIU,796.0,16,"TDK,KUMU,VMD,KOVH,CCI,KYND,TAT,KCI,CEL,LVK,KDT,NG,DNV,SPE,STUR,TIU",32.5,19.205901870692422,129.19400000000002,10.44971913498157,2025-12-20T07:12:18.854824Z,15,https://api.railradar.in/api/v1/trains/15468/average-delay
17377,GNT NS EXP,AXR,DGDG,817.0,15,"AXR,TEK,YA,BSPL,MRK,MRM,AKP,PUT,VKI,TGL,OTR,PSDA,TNKU,NWP,DGDG",20.196428571428573,22.50925971592988,148.37,10.779097828668217,2025-12-20T07:12:18.855831Z,28,https://api.railradar.in/api/v1/trains/17377/average-delay
25687,GODAVARI EXPRES,SDV,TSR,913.0,17,"SDV,SF,KI,NBR,SUPP,BTVA,BMGM,COA,NGM,GLU,MBD,SNKG,CU,CJM,SSPN,RMZ,TSR",88.058,11.641525673209676,88.058,11.641525673209676,,,
19915,RAYALASEEMA EXP,YLK,AKP,567.0,10,"YLK,VDD,BLL,CMDP,TADA,DPD,GZA,NUJ,SGDM,AKP",109.7,15.105268948284236,109.7,15.105268948284236,,,
18694,TIRUMALA EXP,KNRT,AKAH,826.0,15,"KNRT,BNL,KSK,ULM,SDM,SF,GGNP,PGDI,KI,SGKM,PAVP,RLL,AKU,JBK,AKAH",124.056,9.06998235940953,124.056,9.06998235940953,,,
28934,CHARMINAR EXP,KGL,CCT,712.0,15,"KGL,NDPU,CPL,KLU,DGB,PMT,VLV,TADA,BZA,GDV,PDT,BMGM,PMD,PDMI,CCT",132.1,10.979826956742086,132.1,10.979826956742086,,,
15365,FALAKNUMA EXP,TUNI,CTO,798.0,14,"TUNI,KUMU,GWM,BVO,MVA,VH,KLX,NRR,CLX,SUDV,PUT,ANE,PYX,CTO",99.798,11.860919863147204,99.798,11.860919863147204,,,
23853,NARAYANADRI EXP,MUK,TPTY,748.0,11,"MUK,NBM,OBVP,KYM,MPT,RAM,LMD,MRM,TUNI,KVLS,TPTY",104.288,12.13046041995109,104.288,12.13046041995109,,,
21811,GARIB RATH,VKT,CCT,499.0,10,"VKT,NGNT,TLU,GDR,POA,DPD,PMD,DVR,NDKD,CCT",39.244,6.21971301588747,39.244,6.21971301588747,,,
15517,TUNGABHADRA EXP,KEF,KPU,375.0,8,"KEF,GTLM,SNM,MAG,NRR,GLU,SPT,KPU",38.266,9.307197752277537,38.266,9.307197752277537,,,
14533,GODAVARI EXPRES,MLK,GVA,950.0,17,"MLK,KSTE,KCM,MLU,TIM,RPL,SKM,RPRL,KPLL,KYM,VKT,KSK,NRE,ODUR,RAM,VH,GVA",134.70999999999998,7.71405211286519,134.70999999999998,7.71405211286519,,,
12796,SC-BZA SUP E,SC,BZA,314.0,4,"SC,GNT,MAG,BZA",10.5,9.9079092984679,77.48400000000001,14.380920693752538,2025-12-20T07:12:18.855831Z,6,https://api.railradar.in/api/v1/trains/12796/average-delay
23103,RATNACHAL EXP,NSX,MUK,914.0,16,"NSX,RMZ,PAVP,PSPY,JBK,NZD,PRDT,NLS,PSDA,GPY,KVM,APL,YPD,TKU,AKVD,MUK",82.676,16.769793677919836,82.676,16.769793677919836,,,
20934,RATNACHAL EXP,CPL,SCM,916.0,16,"CPL,ESV,VJA,BVM,MDPD,MLK,TNKU,KOLA,APT,BMKD,ARKV,YLK,OBVP,MIPM,ANV,SCM",32.80555555555556,24.99507667571139,87.42999999999999,6.323875394091818,2025-12-20T07:12:18.856830Z,18,https://api.railradar.in/api/v1/trains/20934/average-delay
23217,VISAKHA EXPRESS,CBM,PYA,555.0,9,"CBM,KLX,GWM,SNKG,PEL,NZD,PUT,DUSI,PYA",88.56800000000001,12.49460763689681,88.56800000000001,12.49460763689681,,,
16431,SESHADRI EXP,BLPE,UNDI,661.0,14,"BLPE,PVPT,PRDT,BLL,JKO,BSPL,CIV,RCG,KVLS,RLL,GPDE,MBD,VND,UNDI",117.212,12.929716547550456,117.212,12.929716547550456,,,
16092,KRISHNA EXPRESS,YPD,SAB,343.0,7,"YPD,CLX,ASP,GPI,ALM,RCG,SAB",35.236000000000004,8.6293499175778,35.236000000000004,8.6293499175778,,,
29065,TIRUMALA EXP,PGRL,MDUN,554.0,12,"PGRL,GPY,RMV,NRP,LKDU,TPTY,KLU,IPPM,BDVR,NUJ,TGU,MDUN",95.522,5.146102408619552,95.522,5.146102408619552,,,
15803,KRISHNA EXPRESS,VKN,PAVP,724.0,12,"VKN,NDZ,VGT,GKM,KLDI,MRK,MALM,HVM,MVW,KTV,NLS,PAVP",57.878,9.002073094571047,57.878,9.002073094571047,,,
18486,INTERCITY EXP,KVM,GVMH,957.0,15,"KVM,KVLS,SUP,KO,VLD,TMPM,TIM,MLK,KCM,RBCS,YA,NG,MCU,PRDT,GVMH",101.292,15.723111015317548,101.292,15.723111015317548,,,
28086,KRISHNA EXPRESS,VPG,DGB,932.0,17,"VPG,REM,MLU,POO,HX,NRE,OBM,NRR,SJL,PSA,GPY,CMDP,AKVD,VND,NBM,ALAT,DGB",97.54,13.113937242491282,97.54,13.113937242491282,,,
23263,SEVEN HILLS EXP,VGH,BTTR,478.0,9,"VGH,CIV,NGNT,VVM,CU,BGNP,NML,RMV,BTTR",39.284000000000006,10.614715257603477,39.284000000000006,10.614715257603477,,,
21099,RATNACHAL EXP,MOO,YPD,540.0,11,"MOO,MCU,BKPT,IPM,NLA,SVPM,VKZ,NZD,LKDU,TCNR,YPD",55.38,12.941060621139211,55.38,12.941060621139211,,,
18465,PRASHANTI EXP,GPU,MLK,969.0,17,"GPU,SGKM,CCI,NGJA,UPL,BGNP,SSPN,GLP,DVD,CPL,BLPE,ESV,AL,YGD,VH,STVA,MLK",80.208,3.030151811378427,80.208,3.030151811378427,,,
19141,JANMABHOOMI EXP,CCT,JAQ,858.0,17,"CCT,AKAH,TGL,VRVL,KDP,BVRT,RLL,PUN,MVA,TNKU,MIPM,UNDI,UKD,KQA,BGNP,MMS,JAQ",92.44,9.772481772814928,92.44,9.772481772814928,,,
22643,PATNA EXPRES,ERS,PNBE,2785.0,44,"ERS,AWY,TCR,PGT,CBE,TUP,ED,SA,JTJ,KPD,MAS,OGL,BZA,RJY,VSKP,VZM,CHE,PSA,BAM,BALU,KUR,BBS,CTC,JJKR,BHC,BLS,JER,HIJ,MDN,VSU,BQA,ADRA,BURN,ASN,CRJ,MDP,JSME,JAJ,KIUL,MKA,BKP,PNC,RJPB,PNBE",85.4888888888889,50.89264178301536,173.886,12.968033004276316,2025-12-20T07:12:18.856830Z,45,https://api.railradar.in/api/v1/trains/22643/average-delay
28995,TIRUMALA EXP,OGL,GRBL,599.0,10,"OGL,SCM,GWM,SF,TEL,TDD,HNMN,PCU,JBK,GRBL",73.084,13.39533612866807,73.084,13.39533612866807,,,
20395,SIMHADRI EXP,KYM,GDE,599.0,11,"KYM,GID,PDGL,VLD,VTM,YLK,TSR,SGDM,SJMA,AKP,GDE",75.98400000000001,6.210320442618087,75.98400000000001,6.210320442618087,,,
